ACE3_monthly.csv, 0.0,0.156,0.156,0.094,0.344,0.031,0.0
AdaptiveCards_monthly.csv, 47.0,37.0,9.0,6.0,9.0,5.0,9.0
AdguardBrowserExtension_monthly.csv, 1.0,1.0,0.0,1.0,0.0,0.0,0.0
Aerial_monthly.csv, 0.125,0.25,0.125,0.0,0.75,0.0,0.0
Ammonite_monthly.csv, 0.286,0.143,0.286,0.143,0.429,0.429,0.286
AppMetrics_monthly.csv, 0.0,0.0,0.0,0.0,0.0,0.0,0.0
ArchiSteamFarm_monthly.csv, 0.483,0.552,0.034,0.069,0.034,0.034,0.034
Arduino_monthly.csv, 0.237,0.237,0.105,0.263,0.184,0.0,0.158
Attendize_monthly.csv, 0.0,0.0,1.0,1.0,0.0,1.0,0.0
AutomatedLab_monthly.csv, 0.0,0.0,0.0,0.0,0.0,0.0,0.0
Axelrod_monthly.csv, 0.0,0.5,1.25,0.5,0.25,0.0,0.0
AztecEditor-Android_monthly.csv, 0.0,0.0,0.0,0.0,0.0,0.0,0.0
AzuraCast_monthly.csv, 0.286,0.286,0.143,0.143,0.286,0.143,0.0
BaseRecyclerViewAdapterHelper_monthly.csv, 1.0,1.0,0.0,0.0,1.0,1.0,1.0
Benchmarks_monthly.csv, 0.5,0.5,0.25,0.0,0.0,0.0,0.5
BigDL_monthly.csv, 3.0,17.0,2.0,1.0,3.0,0.0,1.0
Binding.scala_monthly.csv, 0.6,0.85,0.6,0.45,0.45,0.1,0.5
BizHawk_monthly.csv, 0.385,0.654,0.154,0.154,0.077,0.115,0.115
BookStack_monthly.csv, 0.0,0.25,0.0,0.25,0.25,0.0,0.0
BoostNote.next_monthly.csv, 0.0,0.417,0.25,0.083,0.167,0.0,0.0
Boostnote_monthly.csv, 0.6,1.4,0.4,0.6,0.2,0.2,0.2
CAP_monthly.csv, 0.286,0.429,0.0,0.143,0.143,0.143,0.143
CBoard_monthly.csv, 0.0,0.0,0.0,0.0,0.0,0.0,0.0
CMSIS_5_monthly.csv, 0.0,0.0,0.0,0.0,0.0,0.0,0.0
CNTK_monthly.csv, 0.0,0.0,2.333,1.333,8.333,5.0,0.0
CRUD_monthly.csv, 0.333,0.548,0.19,0.071,0.143,0.0,0.143
CRYTEK-CRYENGINE_monthly.csv, 0.0,0.0,0.0,0.0,0.0,0.0,0.0
Captura_monthly.csv, 0.333,0.667,0.0,0.667,0.333,0.0,0.0
Carp_monthly.csv, 0.286,0.143,0.571,0.286,0.429,0.143,0.286
CatchUp_monthly.csv, 1.0,1.0,0.0,1.0,1.0,0.0,0.0
ClickHouse_monthly.csv, 0.044,0.7,0.106,0.044,0.059,0.008,0.008
ClosedXML_monthly.csv, 0.0,0.0,0.0,0.0,0.0,0.0,0.0
CodeIgniter4_monthly.csv, 0.0,0.0,0.0,0.0,0.0,0.0,0.0
CodeceptJS_monthly.csv, 0.087,0.174,0.087,0.13,0.174,0.0,0.043
CodenameOne_monthly.csv, 0.571,0.714,0.429,0.071,0.5,0.071,0.286
Cog-Creators-Red-DiscordBot_monthly.csv, 0.0,0.0,0.0,0.0,0.0,0.0,0.0
Cxbx-Reloaded_monthly.csv, 0.867,0.867,0.133,0.0,0.267,0.067,0.267
CyberChef_monthly.csv, 0.607,0.679,0.429,0.429,0.929,0.929,0.571
DFe.NET_monthly.csv, 0.167,0.333,0.167,0.167,0.333,0.0,0.0
DIM_monthly.csv, 0.304,0.723,0.17,0.009,0.062,0.027,0.286
DIY-Multiprotocol-TX-Module_monthly.csv, 0.0,0.5,0.5,0.5,0.5,0.5,0.0
DSharpPlus_monthly.csv, 1.667,1.333,1.0,0.667,1.333,1.0,1.0
DeepSpeech_monthly.csv, 0.192,0.385,0.038,0.077,0.058,0.019,0.038
Detox_monthly.csv, 0.05,0.2,0.15,0.05,0.2,0.0,0.0
DietPi_monthly.csv, 0.0,0.5,0.5,0.0,0.5,0.5,0.0
DifferentialEquations.jl_monthly.csv, 1.0,0.0,0.0,0.0,0.0,0.0,0.0
DirectXShaderCompiler_monthly.csv, 0.286,0.536,0.143,0.107,0.143,0.107,0.143
Discord.Net_monthly.csv, 0.0,0.0,0.0,0.0,0.0,0.0,0.0
EIPs_monthly.csv, 0.014,0.493,0.028,0.07,0.07,0.0,0.014
ESPEasy_monthly.csv, 0.0,0.0,0.0,0.0,0.0,0.0,0.0
EasyAdminBundle_monthly.csv, 0.071,0.357,0.571,0.143,0.071,0.071,0.0
EasyClangComplete_monthly.csv, 0.667,0.667,0.667,0.333,0.667,0.667,0.333
EvalAI_monthly.csv, 0.159,0.136,0.091,0.023,0.114,0.0,0.114
EventFlow_monthly.csv, 0.0,0.0,0.0,0.0,0.0,0.0,0.0
Fable_monthly.csv, 2.0,6.0,2.0,0.0,2.0,1.0,1.0
Facepunch.Steamworks_monthly.csv, 1.0,1.0,1.0,0.5,1.0,1.0,0.5
FiloDB_monthly.csv, 1.0,1.0,0.0,1.0,0.0,0.0,1.0
FilterLists_monthly.csv, 0.027,0.703,0.068,0.041,0.108,0.054,0.027
FirebaseUI-Android_monthly.csv, 1.0,1.0,0.0,1.0,0.0,0.0,0.0
FirebaseUI-iOS_monthly.csv, 1.0,0.0,0.0,1.0,0.0,0.0,0.0
FluentFTP_monthly.csv, 1.0,1.0,1.0,1.0,1.0,3.0,1.0
G2_monthly.csv, 0.25,0.464,0.107,0.0,0.25,0.0,0.071
GPflow_monthly.csv, 2.5,3.0,0.5,1.0,0.5,0.0,2.5
Gaffer_monthly.csv, 0.0,0.0,0.0,0.0,0.0,0.0,0.0
Gladys_monthly.csv, 0.214,0.429,0.286,0.071,0.714,0.071,0.071
GoogleChrome-lighthouse_monthly.csv, 0.032,0.048,0.143,0.048,0.175,0.063,0.032
HIP_monthly.csv, 0.133,0.4,0.467,0.667,1.333,0.867,0.0
HMCL_monthly.csv, 0.0,0.0,0.0,0.0,0.0,0.0,0.0
HSTracker_monthly.csv, 0.333,0.333,0.0,0.0,0.333,0.0,0.0
HabitRPG-habitica-android_monthly.csv, 0.0,0.0,0.0,0.0,0.0,0.0,0.0
HaishinKit.swift_monthly.csv, 0.25,0.25,0.5,0.25,0.5,0.5,0.25
HandBrake_monthly.csv, 0.0,0.2,0.4,0.0,0.5,0.0,0.0
Homebrew-homebrew-core_monthly.csv, 0.093,0.301,0.047,0.001,0.0,0.001,0.016
Hygieia_monthly.csv, 0.4,0.2,0.3,0.5,0.2,0.1,0.1
IBAnimatable_monthly.csv, 0.0,0.0,3.0,0.0,5.0,3.0,0.0
IdentityServer4_monthly.csv, 3.0,5.0,0.0,4.0,0.0,0.0,3.0
ImageMagick_monthly.csv, 0.75,0.0,0.0,0.5,0.0,0.0,0.25
ImageSharp_monthly.csv, 0.091,0.0,0.273,0.091,0.182,0.273,0.0
ImmersiveEngineering_monthly.csv, 3.0,4.0,0.0,3.0,0.0,0.0,0.0
Iosevka_monthly.csv, 0.0,0.0,0.0,1.0,0.0,0.0,0.0
JDA_monthly.csv, 0.667,0.333,0.333,1.0,0.333,0.0,0.333
JOML_monthly.csv, 0.667,0.667,0.333,0.333,0.667,0.667,0.333
Jackett_monthly.csv, 0.5,0.192,0.308,0.115,0.038,0.077,0.269
Karabiner-Elements_monthly.csv, 0.0,0.0,0.0,0.0,0.0,0.0,0.0
KhronosGroup-glslang_monthly.csv, 0.0,0.154,0.154,0.077,0.385,0.154,0.0
Kingfisher_monthly.csv, 0.286,0.143,0.143,0.286,0.0,0.0,0.143
Knet.jl_monthly.csv, 0.5,1.0,1.0,0.5,1.0,0.0,0.0
LaTeX-Workshop_monthly.csv, 0.25,0.5,0.25,0.0,0.0,0.5,0.0
Lakka-LibreELEC_monthly.csv, 0.583,0.75,0.083,0.917,0.083,0.083,0.083
LeafPic_monthly.csv, 0.0,0.0,0.0,0.0,0.0,0.0,0.0
LibrePCB_monthly.csv, 0.389,0.5,0.333,0.111,0.278,0.222,0.333
LightGBM_monthly.csv, 0.075,0.2,0.05,0.025,0.075,0.025,0.0
LightGraphs.jl_monthly.csv, 1.0,3.0,1.0,1.0,2.0,1.0,0.0
Loop_monthly.csv, 1.0,0.0,0.0,0.0,1.0,0.0,0.0
LuckPerms_monthly.csv, 1.0,2.0,1.0,1.0,1.0,1.0,1.0
Luma3DS_monthly.csv, 0.444,0.444,0.111,0.111,0.444,0.111,0.222
Macaw_monthly.csv, 0.8,0.8,0.2,0.0,0.4,0.0,0.6
MadelineProto_monthly.csv, 0.0,0.0,0.0,1.0,1.0,0.0,0.0
Magisk_monthly.csv, 0.278,0.472,0.056,0.056,0.083,0.167,0.028
Mailspring_monthly.csv, 3.0,3.0,3.0,3.0,5.0,3.0,3.0
MarkdownMonster_monthly.csv, 0.0,0.0,2.0,0.5,1.5,0.0,0.0
MaterialDesignInXamlToolkit_monthly.csv, 0.429,0.476,0.333,0.19,0.714,0.048,0.0
MaterialDrawer_monthly.csv, 0.0,0.0,0.0,0.0,0.0,0.0,0.0
Medusa_monthly.csv, 0.6,0.4,0.2,0.2,0.2,0.2,0.4
MinecraftDev_monthly.csv, 0.0,0.0,0.0,0.0,0.0,0.0,0.0
MixedRealityToolkit-Unity_monthly.csv, 0.0,0.0,0.0,0.0,0.0,0.0,0.0
Mobile-Security-Framework-MobSF_monthly.csv, 0.125,0.312,0.312,0.062,0.375,0.062,0.0
MonoGame.Extended_monthly.csv, 0.0,0.0,0.0,0.0,0.0,0.0,0.0
MyCrypto_monthly.csv, 0.104,0.866,0.045,0.045,0.045,0.075,0.075
MyTested.AspNetCore.Mvc_monthly.csv, 0.0,0.0,0.0,0.0,0.0,0.0,0.0
NSwag_monthly.csv, 0.308,0.154,0.077,0.077,0.0,0.0,0.0
NativeBase_monthly.csv, 0.3,0.3,0.4,0.6,0.4,0.4,0.3
NativeScript_monthly.csv, 0.583,1.083,0.167,0.083,0.083,0.083,0.167
Neo23x0-sigma_monthly.csv, 0.053,0.211,0.105,0.158,0.0,0.0,0.0
NetHack-NetHack_monthly.csv, 0.0,0.0,0.0,0.0,0.0,0.0,0.0
NewPipe_monthly.csv, 1.0,4.0,1.0,0.0,1.0,0.0,0.0
Nez_monthly.csv, 0.375,0.25,0.375,0.0,0.375,0.375,0.125
Notepad3_monthly.csv, 0.274,0.774,0.169,0.0,0.21,0.169,0.21
NuGetPackageExplorer_monthly.csv, 4.0,6.0,3.0,1.0,0.0,0.0,3.0
Odin_monthly.csv, 0.167,0.0,0.0,0.333,0.5,0.167,0.0
Open3D_monthly.csv, 0.486,0.743,0.486,0.243,0.186,0.229,0.186
OpenLara_monthly.csv, 0.0,0.0,0.0,0.0,1.0,1.0,0.0
OpenZeppelin-openzeppelin-contracts_monthly.csv, 0.188,0.375,0.188,0.0,0.188,0.188,0.062
Orchard_monthly.csv, 0.0,0.0,0.0,0.0,0.0,0.0,0.0
Organizr_monthly.csv, 0.0,1.0,0.0,1.0,0.0,0.0,0.0
PKSM_monthly.csv, 1.0,1.0,1.0,0.0,0.0,0.0,0.0
PROJ_monthly.csv, 0.333,0.267,0.067,0.0,0.2,0.0,0.267
PSScriptAnalyzer_monthly.csv, 0.333,0.667,0.667,0.333,0.667,0.333,0.0
PTVS_monthly.csv, 0.44,0.04,0.12,0.04,0.36,0.04,0.2
PWABuilder_monthly.csv, 0.125,0.5,0.375,0.0,0.625,0.5,0.0
P_monthly.csv, 0.0,1.0,1.0,1.0,1.0,1.0,0.0
Packages_monthly.csv, 0.37,0.333,0.407,0.222,0.444,0.481,0.222
Paddle_monthly.csv, 0.0,0.0,1.0,0.0,3.0,0.0,0.0
Paper_monthly.csv, 0.206,0.746,0.27,0.302,0.222,0.349,0.016
Parse-SDK-iOS-OSX_monthly.csv, 0.333,0.333,1.667,0.667,1.0,0.333,0.0
PathOfBuilding_monthly.csv, 1.0,1.0,0.0,3.0,0.0,0.0,0.0
PeerTube_monthly.csv, 0.0,0.0,0.0,0.0,0.0,0.0,0.0
Plots.jl_monthly.csv, 0.143,0.238,0.143,0.0,0.429,0.048,0.048
PnP-PowerShell_monthly.csv, 0.5,0.25,0.25,0.25,0.0,0.0,0.25
PocketMine-MP_monthly.csv, 0.5,0.333,0.333,0.5,0.333,0.333,0.0
PostProcessing_monthly.csv, 0.0,0.0,0.0,0.0,0.0,0.0,0.0
PowerShell_monthly.csv, 0.124,0.045,0.067,0.079,0.27,0.045,0.124
PptxGenJS_monthly.csv, 0.5,0.5,0.5,0.0,0.667,0.333,0.333
Prebid.js_monthly.csv, 0.065,0.204,0.011,0.032,0.226,0.054,0.011
Prism_monthly.csv, 0.533,0.267,0.067,0.0,0.6,0.533,0.333
Prusa-Firmware_monthly.csv, 0.0,0.0,0.0,0.0,0.0,0.0,0.0
PrusaSlicer_monthly.csv, 0.333,0.167,0.333,0.333,1.0,0.0,0.0
PythonRobotics_monthly.csv, 0.333,0.333,0.25,0.0,0.083,0.083,0.167
QUANTAXIS_monthly.csv, 0.333,1.0,0.111,0.0,0.222,0.0,0.111
QuantLib_monthly.csv, 0.188,0.25,0.125,0.375,0.188,0.0,0.125
QuestieDev_monthly.csv, 0.675,0.775,0.475,0.025,0.775,0.1,0.075
Rack_monthly.csv, 0.0,0.0,0.0,0.0,0.0,0.0,0.0
Radarr-Radarr_monthly.csv, 0.0,0.0,0.0,0.0,0.0,0.0,0.0
RawTherapee_monthly.csv, 1.0,3.0,1.0,0.0,0.0,0.0,1.0
ReactiveTraderCloud_monthly.csv, 0.333,0.167,0.0,0.167,0.167,0.167,0.167
RediSearch_monthly.csv, 0.396,0.792,0.245,0.019,0.132,0.208,0.321
ResearchKit_monthly.csv, 0.333,0.333,0.667,0.333,0.333,0.0,0.333
RetroShare_monthly.csv, 0.2,0.067,0.133,0.067,0.067,0.067,0.067
Rocket.Chat.Electron_monthly.csv, 0.0,0.0,0.0,0.0,0.0,0.0,0.0
RxSwift_monthly.csv, 0.333,0.667,0.667,0.667,0.333,0.667,0.333
SPIRV-Cross_monthly.csv, 0.333,0.5,0.0,0.0,0.333,0.0,0.0
SPIRV-Tools_monthly.csv, 0.129,0.306,0.081,0.097,0.21,0.129,0.016
Sabaki_monthly.csv, 1.0,1.0,0.0,0.0,0.0,0.0,0.0
SameBoy_monthly.csv, 0.0,0.0,0.0,0.0,0.333,0.0,0.0
SchemaCrawler_monthly.csv, 0.5,0.5,0.75,0.0,1.5,0.5,0.0
SecureAuthCorp-impacket_monthly.csv, 0.556,0.444,0.222,0.444,0.222,0.222,0.444
SickChill_monthly.csv, 1.0,0.0,0.0,0.0,0.0,0.0,1.0
Simple-Calendar_monthly.csv, 0.4,0.4,0.2,0.2,0.2,0.0,0.2
Simple-Camera_monthly.csv, 0.0,1.0,0.0,0.0,0.0,0.0,0.0
Simple-File-Manager_monthly.csv, 0.0,0.5,0.5,0.0,0.5,0.5,0.0
Simple-Gallery_monthly.csv, 1.5,4.5,0.5,1.5,0.5,0.0,0.0
Simple-Music-Player_monthly.csv, 0.0,0.0,0.0,0.0,0.0,0.0,0.0
SkiaSharp_monthly.csv, 0.158,0.526,0.0,0.158,0.316,0.053,0.053
SkyTube_monthly.csv, 0.667,0.333,0.167,0.0,0.167,0.167,0.0
Slide_monthly.csv, 0.5,0.5,0.167,0.167,0.833,0.0,0.333
SmartThingsPublic_monthly.csv, 0.06,0.976,0.028,0.0,0.054,0.028,0.0
Sming_monthly.csv, 0.0,0.0,0.0,0.0,0.0,0.0,0.0
Sourcetrail_monthly.csv, 1.0,0.5,0.5,0.5,1.25,3.25,1.0
SpaceVim_monthly.csv, 0.295,0.295,0.045,0.023,0.045,0.023,0.227
SpinalHDL_monthly.csv, 0.0,0.0,0.0,0.0,1.0,0.0,0.0
StratisBitcoinFullNode_monthly.csv, 5.0,54.0,4.0,3.0,4.0,1.0,4.0
StreetComplete_monthly.csv, 0.261,0.565,0.087,0.13,0.217,0.087,0.217
SwiftFormat_monthly.csv, 3.0,2.0,4.0,1.0,1.0,1.0,3.0
SwiftLint_monthly.csv, 0.261,0.087,0.348,0.391,0.609,0.174,0.174
TagUI_monthly.csv, 0.571,0.714,0.143,0.429,0.857,0.143,0.286
TelegramBots-Telegram.Bot_monthly.csv, 0.333,0.333,0.333,0.667,0.0,0.0,0.0
Telethon_monthly.csv, 0.25,0.25,0.375,0.0,0.375,0.125,0.0
ThePhD-sol2_monthly.csv, 0.0,0.0,0.0,0.0,0.0,0.0,0.0
Triton_monthly.csv, 1.0,3.0,3.0,1.0,1.0,1.0,1.0
Tunnelblick_monthly.csv, 0.0,0.0,0.0,0.0,0.0,0.0,0.0
Turing.jl_monthly.csv, 0.316,0.263,0.158,0.0,0.053,0.053,0.263
UA-.NETStandard_monthly.csv, 0.444,0.222,0.111,0.111,0.111,0.111,0.333
USD_monthly.csv, 0.0,1.0,0.0,1.0,1.0,0.0,0.0
Unigram_monthly.csv, 1.0,1.0,0.667,0.0,0.667,0.667,0.667
ViZDoom_monthly.csv, 0.0,0.0,0.0,0.0,0.0,0.0,0.0
Viewers_monthly.csv, 0.357,0.143,0.071,0.571,0.143,0.0,0.0
Vim_monthly.csv, 0.407,0.037,0.074,0.148,0.037,0.0,0.037
Vulkan_monthly.csv, 0.8,0.4,0.6,0.8,0.8,0.2,0.6
WAVM_monthly.csv, 0.0,0.0,0.0,0.0,0.0,0.0,0.0
WWDC_monthly.csv, 0.0,0.333,0.333,0.167,0.5,0.0,0.0
WalletWasabi_monthly.csv, 0.046,0.541,0.229,0.193,0.046,1.128,0.009
Waves_monthly.csv, 0.0,0.207,0.31,0.241,0.586,0.414,0.0
WebGoat_monthly.csv, 0.0,0.0,0.0,0.0,0.0,0.0,0.0
WebODM_monthly.csv, 0.167,0.333,0.167,0.167,0.5,0.0,0.0
WindowsCommunityToolkit_monthly.csv, 0.217,0.348,0.13,0.0,0.435,0.0,0.13
WindowsTemplateStudio_monthly.csv, 1.0,0.0,1.0,0.0,1.0,1.0,0.0
Xamarin.Forms_monthly.csv, 22.0,41.0,15.0,14.0,18.0,6.0,0.0
XamarinComponents_monthly.csv, 0.6,0.56,0.12,0.12,0.2,0.04,0.44
YUView_monthly.csv, 0.0,0.0,0.0,0.0,0.0,0.0,0.0
YarnSpinner_monthly.csv, 0.5,0.5,1.0,0.5,0.5,0.5,0.5
ZeroNet_monthly.csv, 3.0,3.0,1.0,3.0,1.0,3.0,3.0
abp_monthly.csv, 6.0,4.0,5.0,4.0,6.0,3.0,4.0
accounts_monthly.csv, 0.353,0.294,0.059,0.0,0.118,0.059,0.0
addons-frontend_monthly.csv, 0.211,1.158,0.289,0.237,0.289,0.474,0.0
adempiere_monthly.csv, 0.0,0.0,0.0,0.0,0.0,0.0,0.0
aframevr-aframe_monthly.csv, 2.0,8.5,2.0,0.0,3.0,1.5,1.0
agda_monthly.csv, 0.1,0.4,0.1,0.033,0.067,0.0,0.0
airflow_monthly.csv, 0.18,0.714,0.164,0.005,0.183,0.161,0.063
akka-http_monthly.csv, 0.042,0.25,0.083,0.083,0.042,0.042,0.0
ale_monthly.csv, 0.8,0.867,1.133,1.067,4.0,2.6,0.733
aliyun-openapi-java-sdk_monthly.csv, 0.308,0.308,0.154,0.0,0.308,0.308,0.154
alpakka_monthly.csv, 0.143,0.929,0.214,0.143,0.071,0.0,0.071
altair_monthly.csv, 1.333,0.667,0.333,0.333,0.667,0.667,0.0
amethyst_monthly.csv, 0.192,0.654,0.096,0.019,0.096,0.019,0.019
amidst_monthly.csv, 0.333,0.556,0.222,0.111,0.222,0.0,0.333
amp-wp_monthly.csv, 0.0,0.0,0.0,1.0,0.0,0.0,0.0
amphtml_monthly.csv, 0.095,0.198,0.036,0.055,0.063,0.008,0.079
android_monthly.csv, 0.216,0.409,0.284,0.205,0.239,0.239,0.068
angr_monthly.csv, 0.091,0.091,0.182,0.273,0.273,0.091,0.0
angular-calendar_monthly.csv, 0.0,0.0,0.0,0.0,0.0,0.0,0.0
apache-openwhisk_monthly.csv, 0.286,2.071,0.143,0.071,0.214,0.286,0.0
api_monthly.csv, 0.5,0.5,0.2,0.1,1.4,0.1,0.1
apiato_monthly.csv, 0.0,0.0,1.0,1.0,0.0,0.0,0.0
apify-js_monthly.csv, 0.5,0.5,0.5,0.5,0.5,0.5,0.5
apollo-android_monthly.csv, 0.0,0.194,0.065,0.097,0.129,0.065,0.0
apollo-angular_monthly.csv, 0.0,1.25,0.125,0.375,0.25,0.125,0.0
apollo-ios_monthly.csv, 13.0,10.0,5.0,3.0,4.0,4.0,9.0
apollo-server_monthly.csv, 22.0,40.0,14.0,5.0,0.0,1.0,0.0
apollo-tooling_monthly.csv, 0.0,0.29,0.194,0.032,0.161,0.097,0.0
apollo-universal-starter-kit_monthly.csv, 0.75,0.25,0.25,0.0,0.75,0.25,0.75
apollo_monthly.csv, 0.036,0.357,0.071,0.0,0.143,0.036,0.036
apollographql-apollo-client_monthly.csv, 0.575,0.65,0.8,0.325,1.25,1.2,0.3
appdaemon_monthly.csv, 1.0,0.0,1.0,0.0,0.0,0.0,0.0
apps_monthly.csv, 0.147,0.088,0.147,0.0,0.059,0.029,0.0
aqueduct_monthly.csv, 0.2,0.2,0.4,0.4,0.4,0.6,0.0
arcade_monthly.csv, 3.0,3.0,0.0,0.0,0.0,0.0,0.0
arcgis-python-api_monthly.csv, 0.647,0.647,0.765,0.588,0.824,0.706,0.412
arduino-esp32_monthly.csv, 0.174,0.13,0.13,0.0,0.174,0.0,0.0
armeria_monthly.csv, 0.236,0.255,0.273,0.073,0.291,0.127,0.164
armory_monthly.csv, 0.462,0.385,0.154,0.077,0.077,0.692,0.231
arrow_monthly.csv, 0.081,0.299,0.076,0.005,0.157,0.005,0.051
athenz_monthly.csv, 0.04,0.0,0.04,0.12,0.0,0.04,0.0
atlasdb_monthly.csv, 0.0,0.0,0.0,0.0,0.0,0.0,0.0
authelia_monthly.csv, 0.69,0.586,0.793,0.103,0.414,0.034,0.069
autorest_monthly.csv, 0.5,0.25,0.5,0.0,0.5,0.0,0.5
aws-sdk-cpp_monthly.csv, 0.0,0.667,0.667,0.333,1.0,0.0,0.0
axe-core_monthly.csv, 1.0,0.0,0.0,1.0,0.0,1.0,1.0
azerothcore-wotlk_monthly.csv, 0.364,0.729,0.322,0.22,0.237,0.144,0.237
azure-cli_monthly.csv, 0.0,0.0,0.0,1.0,0.0,0.0,0.0
azure-functions-host_monthly.csv, 1.0,0.0,0.0,0.0,0.0,0.0,1.0
azure-pipelines-agent_monthly.csv, 0.067,0.333,0.067,0.133,0.067,0.0,0.067
azure-rest-api-specs_monthly.csv, 0.004,0.484,0.043,0.035,0.02,0.024,0.004
balena-engine_monthly.csv, 0.2,0.6,0.4,0.0,0.6,0.2,0.2
ballerina-lang_monthly.csv, 0.138,0.615,0.073,0.083,0.055,0.0,0.055
base-drafts_monthly.csv, 0.135,0.135,0.135,0.038,0.038,0.0,0.0
bash-completion_monthly.csv, 0.0,0.0,0.0,0.333,0.333,0.0,0.0
bcc_monthly.csv, 0.233,0.133,0.267,0.2,0.267,0.233,0.167
beaker_monthly.csv, 0.0,0.2,0.2,0.4,0.2,0.0,0.0
benthos_monthly.csv, 0.5,1.0,1.0,0.5,1.5,1.0,0.5
best-practices-badge_monthly.csv, 0.455,0.455,0.273,0.182,0.636,0.455,0.182
betaflight-configurator_monthly.csv, 1.1,1.3,0.1,0.1,0.0,0.0,0.1
betaflight_monthly.csv, 0.0,1.071,0.071,0.214,0.19,0.024,0.0
bigchaindb_monthly.csv, 3.0,6.0,1.0,1.0,1.0,0.0,1.0
binaryen_monthly.csv, 0.148,0.344,0.049,0.049,0.016,0.0,0.016
bioconda-recipes_monthly.csv, 0.055,0.223,0.039,0.009,0.046,0.02,0.011
bitnami-charts_monthly.csv, 0.14,0.669,0.091,0.24,0.165,0.025,0.0
bitshares-ui_monthly.csv, 0.0,0.0,0.0,0.0,0.0,0.0,0.0
bitwarden-desktop_monthly.csv, 0.125,0.25,0.125,0.25,0.5,0.25,0.0
bk-cmdb_monthly.csv, 1.0,0.0,0.0,1.0,0.0,0.0,0.0
blink_monthly.csv, 1.0,3.0,4.0,5.0,5.0,0.0,0.0
bludit_monthly.csv, 0.0,0.167,0.5,0.5,0.667,0.5,0.0
blueprint_monthly.csv, 0.0,0.0,0.0,0.0,0.0,0.0,0.0
board_monthly.csv, 0.0,0.0,0.0,0.0,0.0,0.0,0.0
boinc_monthly.csv, 0.233,0.267,0.167,0.067,0.033,0.033,0.133
boofuzz_monthly.csv, 0.143,0.143,0.429,0.143,0.143,0.143,0.0
bookdown_monthly.csv, 0.714,0.571,0.429,0.571,0.429,0.286,0.571
bootkube_monthly.csv, 0.5,1.5,0.5,0.5,0.0,0.0,0.0
bootstrap-vue_monthly.csv, 1.0,3.0,0.0,0.0,0.0,0.0,0.0
borg_monthly.csv, 0.0,1.143,0.143,0.143,0.286,0.143,0.0
botframework-sdk_monthly.csv, 0.0,0.2,0.6,0.0,0.6,0.6,0.0
botpress_monthly.csv, 0.238,0.19,0.857,0.095,1.286,0.0,0.048
bqplot_monthly.csv, 0.25,0.0,0.375,0.125,0.5,0.25,0.0
brms_monthly.csv, 0.5,0.0,0.0,0.5,0.0,0.0,0.0
browser-compat-data_monthly.csv, 0.142,0.126,0.126,0.016,0.008,0.016,0.063
browser_monthly.csv, 0.1,0.0,0.0,0.2,0.0,0.0,0.0
btrfs_monthly.csv, 1.0,0.0,1.0,1.0,3.0,1.0,0.0
bucklescript_monthly.csv, 0.075,0.175,0.025,0.0,0.025,0.0,0.025
cacti_monthly.csv, 0.0,0.0,0.0,0.0,0.0,0.0,0.0
calibre-web_monthly.csv, 0.455,0.273,0.182,0.182,0.182,0.0,0.273
calico_monthly.csv, 0.111,0.044,0.089,0.022,0.067,0.044,0.0
calicoctl_monthly.csv, 0.571,0.143,0.286,0.143,0.143,0.286,0.286
californium_monthly.csv, 0.538,0.769,0.231,0.077,0.231,0.154,0.385
cantata_monthly.csv, 1.5,0.5,0.0,0.0,0.0,0.0,1.5
canvas_monthly.csv, 1.0,1.0,1.0,1.0,1.0,1.0,1.0
cats_monthly.csv, 0.22,0.171,0.098,0.049,0.293,0.098,0.073
cds_monthly.csv, 0.317,0.756,0.049,0.073,0.146,0.049,0.317
centrifugo_monthly.csv, 0.0,0.0,1.0,1.0,1.0,0.0,0.0
ceph-container_monthly.csv, 0.8,1.2,0.6,0.0,0.6,0.2,0.4
chainer_monthly.csv, 3.0,66.0,2.0,1.0,2.0,2.0,3.0
che_monthly.csv, 0.303,1.727,0.091,0.212,0.091,0.03,0.091
cheat-engine_monthly.csv, 0.6,0.4,0.4,0.4,0.4,0.4,0.4
cherrypy_monthly.csv, 1.0,1.0,1.0,1.0,1.0,0.0,0.0
chevrotain_monthly.csv, 0.214,0.429,0.286,0.0,0.0,0.0,0.0
chibi-scheme_monthly.csv, 0.125,0.5,0.25,0.0,1.125,0.0,0.0
chisel3_monthly.csv, 0.375,0.469,0.344,0.25,0.312,0.156,0.312
chronograf_monthly.csv, 0.429,1.143,0.714,0.571,0.857,0.286,0.0
chummer5a_monthly.csv, 0.667,1.333,0.333,0.0,0.0,0.0,0.333
cilium_monthly.csv, 0.063,0.076,0.089,0.044,0.057,0.025,0.006
circe_monthly.csv, 0.154,0.231,0.154,0.231,0.385,0.231,0.0
citus_monthly.csv, 0.158,0.421,0.263,0.474,0.053,0.053,0.053
citybound_monthly.csv, 0.667,0.667,0.333,0.667,0.333,0.333,0.0
ckeditor5_monthly.csv, 0.111,0.778,0.361,0.083,0.083,0.0,0.028
clair_monthly.csv, 0.5,0.0,0.5,0.0,0.5,0.0,0.5
clap_monthly.csv, 0.108,0.568,0.135,0.054,0.73,0.027,0.0
clarity_monthly.csv, 0.42,0.522,0.232,0.116,0.42,0.377,0.348
client_monthly.csv, 1.5,120.0,2.0,0.5,3.5,0.0,1.0
cloud-custodian_monthly.csv, 0.462,1.154,0.385,0.385,0.038,0.077,0.346
cloudserver_monthly.csv, 0.0,1.0,0.0,1.0,0.0,0.0,0.0
cncjs_monthly.csv, 1.0,1.0,1.0,0.0,1.0,0.0,0.0
cocalc_monthly.csv, 0.071,0.5,0.214,0.143,0.0,0.0,0.0
code-push_monthly.csv, 0.556,0.556,0.111,0.0,0.333,0.0,0.333
codechecker_monthly.csv, 0.304,0.174,0.565,0.609,0.609,0.565,0.043
codesandbox-client_monthly.csv, 0.18,0.41,0.311,0.377,0.246,0.0,0.016
codimd_monthly.csv, 0.5,0.5,1.0,1.0,1.0,0.0,0.5
community-edition_monthly.csv, 0.333,0.667,0.667,0.0,1.0,0.333,0.333
componentkit_monthly.csv, 0.5,0.5,0.5,0.5,0.5,0.0,0.5
components_monthly.csv, 0.045,0.038,0.006,0.083,0.083,0.0,0.013
conan_monthly.csv, 1.0,0.0,0.0,0.0,0.0,0.0,0.0
conductor_monthly.csv, 0.5,0.5,0.25,0.25,0.5,0.0,0.5
conscrypt_monthly.csv, 0.333,0.5,0.167,0.167,0.333,0.167,0.0
consul_monthly.csv, 0.444,0.244,0.044,0.044,0.178,0.022,0.311
container.training_monthly.csv, 0.0,2.0,0.0,1.0,0.0,0.0,0.0
containerd_monthly.csv, 0.026,0.154,0.026,0.154,0.103,0.026,0.026
copperspice_monthly.csv, 0.0,0.0,0.0,0.0,0.0,0.0,0.0
corda_monthly.csv, 0.0,98.0,0.0,1.0,0.0,0.0,0.0
core_monthly.csv, 0.111,0.222,0.111,0.667,0.0,0.222,0.0
coredns_monthly.csv, 0.118,0.235,0.176,0.029,0.353,0.235,0.0
corefxlab_monthly.csv, 0.222,0.889,0.222,0.333,0.333,0.222,0.111
corert_monthly.csv, 0.35,3.05,0.2,0.15,0.15,0.6,0.0
cortex_monthly.csv, 0.025,0.488,0.05,0.238,0.125,0.0,0.0
cosmos-sdk_monthly.csv, 0.206,0.931,0.189,0.006,0.291,0.109,0.131
coursier_monthly.csv, 0.0,0.083,0.167,0.083,0.25,0.333,0.0
covalent_monthly.csv, 0.0,0.0,0.0,0.0,0.0,0.0,0.0
cowrie-cowrie_monthly.csv, 0.25,0.25,0.0,0.0,0.0,0.0,0.0
cp-docker-images_monthly.csv, 1.0,1.0,1.0,0.0,0.0,0.0,0.0
cri-o_monthly.csv, 0.087,0.246,0.101,0.0,0.087,0.014,0.0
crimx-ext-saladict_monthly.csv, 0.0,0.0,0.0,0.0,0.0,0.0,0.0
crunchy-containers_monthly.csv, 0.125,0.25,0.5,0.375,0.375,0.0,0.0
cryptopp_monthly.csv, 1.0,1.0,1.0,0.0,0.0,0.0,1.0
css_monthly.csv, 0.733,0.733,0.667,0.6,0.733,0.6,0.533
cssnano_monthly.csv, 0.333,0.333,0.333,0.167,0.333,0.0,0.0
cuba_monthly.csv, 0.5,0.5,0.25,0.0,0.5,0.0,0.25
cucumber_monthly.csv, 0.44,0.52,0.4,0.08,0.04,0.04,0.08
cupy_monthly.csv, 0.412,0.641,0.389,0.099,0.389,0.382,0.336
curriculum_monthly.csv, 0.0,0.233,0.033,0.067,0.033,0.0,0.0
cyclone_monthly.csv, 0.571,0.143,0.286,0.286,0.0,0.0,0.143
cypress_monthly.csv, 0.0,0.0,0.0,0.0,0.0,0.0,0.0
dafny_monthly.csv, 0.508,0.898,0.203,0.034,0.254,0.22,0.254
daggerfall-unity_monthly.csv, 0.2,0.04,0.08,0.08,0.16,0.04,0.04
danger-js_monthly.csv, 1.5,3.0,1.0,1.5,2.0,0.0,1.5
dart-lang-sdk_monthly.csv, 0.25,0.333,0.25,0.25,0.083,0.083,0.083
dash-to-panel_monthly.csv, 0.0,0.0,0.2,0.4,0.0,0.0,0.0
dash_monthly.csv, 1.0,3.0,0.0,1.0,1.0,0.0,0.0
dashboard_monthly.csv, 0.254,0.268,0.042,0.014,0.014,0.014,0.07
dask_monthly.csv, 0.022,0.022,0.067,0.067,0.067,0.0,0.0
datadog-agent_monthly.csv, 0.024,0.341,0.06,0.0,0.018,0.036,0.018
datahub_monthly.csv, 0.022,0.622,0.356,0.222,0.378,0.422,0.022
datashader_monthly.csv, 0.571,0.571,0.286,0.0,0.143,0.143,0.143
dbatools_monthly.csv, 1.0,5.0,0.0,0.0,0.0,0.0,1.0
dbeaver_monthly.csv, 0.0,0.0,0.0,0.0,0.0,0.0,0.0
dbt_monthly.csv, 0.0,0.0,0.0,0.0,0.0,0.0,0.0
decaffeinate_monthly.csv, 0.03,0.455,0.182,0.152,0.212,0.061,0.0
decidim_monthly.csv, 13.5,29.5,1.0,1.0,0.5,0.0,11.5
deck.gl_monthly.csv, 0.6,1.2,0.15,0.05,0.7,0.05,0.35
deepchem_monthly.csv, 0.375,0.425,0.15,0.05,0.1,0.025,0.3
deepdetect_monthly.csv, 0.545,0.364,0.182,0.091,0.273,0.0,0.091
demo_monthly.csv, 3.0,5.0,1.0,1.0,0.0,0.0,2.0
dep_monthly.csv, 0.2,0.4,0.6,1.2,0.8,0.4,0.2
desktop-desktop_monthly.csv, 0.0,47.0,0.0,5.0,0.0,0.0,0.0
detekt_monthly.csv, 0.31,0.529,0.23,0.023,0.115,0.034,0.115
dev.to_monthly.csv, 0.093,0.494,0.015,0.058,0.01,0.005,0.013
devhubapp-devhub_monthly.csv, 0.0,0.0,0.0,0.0,0.0,0.0,0.0
devilbox_monthly.csv, 3.0,1.0,1.0,1.0,0.0,0.0,1.0
dex_monthly.csv, 0.167,0.333,0.0,0.167,0.167,0.0,0.0
dgraph_monthly.csv, 0.0,0.441,0.108,0.118,0.059,0.01,0.0
dherault-serverless-offline_monthly.csv, 0.273,0.182,0.091,0.0,0.091,0.091,0.0
diesel_monthly.csv, 0.143,0.571,0.143,0.143,0.429,0.286,0.0
differential-dataflow_monthly.csv, 0.333,0.667,0.333,0.333,0.667,0.667,0.333
digdag_monthly.csv, 0.167,0.333,0.0,0.167,0.0,0.0,0.0
discord.py_monthly.csv, 0.105,0.895,0.237,1.026,0.289,0.237,0.053
discordjs-discord.js_monthly.csv, 0.2,0.422,0.422,0.267,0.356,0.289,0.156
distributed_monthly.csv, 0.146,0.125,0.167,0.0,0.125,0.125,0.042
django-DefectDojo_monthly.csv, 0.125,0.25,0.25,0.25,0.25,0.0,0.0
dkron_monthly.csv, 0.833,0.5,0.333,0.167,0.667,0.333,0.667
dnSpy_monthly.csv, 0.0,0.0,0.5,0.0,0.0,0.0,0.0
docker.github.io_monthly.csv, 0.705,1.273,0.568,0.068,0.227,0.227,0.591
docksal_monthly.csv, 0.0,0.0,0.0,0.0,0.0,0.0,0.0
docsifyjs-docsify_monthly.csv, 2.0,2.0,0.0,0.0,1.0,0.0,0.0
doctl_monthly.csv, 1.0,1.0,1.0,1.0,3.0,3.0,1.0
docx_monthly.csv, 0.062,0.5,0.5,0.5,0.312,0.188,0.0
domoticz_monthly.csv, 0.0,3.0,0.0,0.0,1.0,0.0,0.0
donkeycar_monthly.csv, 0.0,0.0,0.333,0.667,0.333,0.0,0.0
dotnet-docfx_monthly.csv, 0.0,0.0,0.0,0.0,0.0,0.0,0.0
dotnet-ef6_monthly.csv, 0.429,0.286,0.429,0.143,0.571,0.286,0.143
dotnet-fsharp_monthly.csv, 0.828,0.724,0.345,0.138,0.207,0.207,0.483
dotnet-roslyn-analyzers_monthly.csv, 0.308,0.628,0.179,0.013,0.269,0.026,0.269
dotnet-sdk_monthly.csv, 0.106,0.864,0.008,0.106,0.038,0.013,0.0
dotnet-standard_monthly.csv, 5.0,5.5,0.5,2.5,0.0,0.0,1.5
dotnet-templating_monthly.csv, 0.222,0.444,0.185,0.074,0.037,0.074,0.185
dradis-ce_monthly.csv, 0.25,0.0,0.125,0.125,0.0,0.0,0.0
drawio_monthly.csv, 0.4,0.4,0.6,0.4,1.0,0.2,0.4
dune_monthly.csv, 0.17,0.057,0.038,0.057,0.019,0.038,0.019
eShopOnContainers_monthly.csv, 1.0,0.0,1.0,1.0,0.0,0.0,1.0
echo_monthly.csv, 0.25,0.5,0.25,0.0,0.25,0.25,0.0
eclair_monthly.csv, 0.0,0.0,0.3,0.0,0.3,0.1,0.0
eclipse-collections_monthly.csv, 0.538,0.154,0.385,0.077,0.077,0.154,0.308
editor_monthly.csv, 0.5,1.5,0.5,0.5,0.5,0.0,0.0
eigen_monthly.csv, 0.151,0.791,0.036,0.022,0.101,0.05,0.065
electricitymap-contrib_monthly.csv, 0.0,0.417,0.417,0.167,1.0,0.333,0.0
electrode_monthly.csv, 0.286,0.5,0.143,0.0,0.071,0.0,0.143
electron-forge_monthly.csv, 0.052,0.586,0.138,0.034,0.31,0.017,0.052
electron-userland-electron-builder_monthly.csv, 0.188,0.312,0.188,0.125,0.125,0.062,0.0
elementor_monthly.csv, 0.571,0.571,0.571,0.714,0.286,0.143,0.143
elements_monthly.csv, 0.5,0.5,0.25,0.5,0.75,0.0,0.25
elixirschool_monthly.csv, 0.0,1.0,0.2,0.1,0.2,0.2,0.0
emacs-doom-themes_monthly.csv, 0.0,0.2,0.2,0.0,0.2,0.0,0.0
embark_monthly.csv, 0.5,0.714,0.571,0.143,0.643,0.214,0.286
ember-cli-mirage_monthly.csv, 0.24,0.4,0.44,0.28,0.4,0.2,0.2
embox_monthly.csv, 0.062,0.188,0.0,0.094,0.031,0.0,0.062
emeryberger-CSrankings_monthly.csv, 0.0,0.0,0.0,0.0,0.0,0.0,0.0
en-marche.fr_monthly.csv, 0.208,0.238,0.02,0.01,0.04,0.01,0.119
endless-sky_monthly.csv, 0.174,0.283,0.0,0.0,0.13,0.043,0.065
engine_monthly.csv, 0.2,0.2,0.6,0.4,1.0,0.2,0.2
enqueue-dev_monthly.csv, 0.2,0.0,0.2,0.0,0.2,0.2,0.2
envoyproxy-envoy_monthly.csv, 0.123,0.477,0.055,0.003,0.123,0.009,0.009
enzyme_monthly.csv, 0.333,1.333,0.667,0.333,2.667,2.333,0.0
equalsverifier_monthly.csv, 1.0,3.0,0.0,0.0,0.0,0.0,0.0
erxes_monthly.csv, 0.68,0.88,0.76,0.28,0.8,0.88,0.68
espressif-esp-idf_monthly.csv, 0.267,0.067,0.267,0.0,0.733,0.067,0.067
etcher_monthly.csv, 0.0,1.667,0.333,0.333,0.833,0.167,0.0
ethereumbook-ethereumbook_monthly.csv, 0.0,0.0,0.0,0.0,0.0,0.0,0.0
expecto_monthly.csv, 0.5,0.5,0.5,0.5,0.5,0.5,0.0
explorer_monthly.csv, 2.0,3.0,0.0,0.0,0.0,0.0,0.0
expo_monthly.csv, 0.372,0.912,0.272,0.038,0.088,0.084,0.241
extensions_monthly.csv, 0.194,0.548,0.258,0.065,0.258,0.129,0.129
f4exb-sdrangel_monthly.csv, 0.5,0.667,0.333,0.0,0.333,0.333,0.333
faas_monthly.csv, 1.0,2.667,0.333,0.333,0.333,0.0,0.0
fabric8io-kubernetes-client_monthly.csv, 0.047,0.395,0.116,0.047,0.186,0.07,0.023
facebook-fresco_monthly.csv, 0.286,0.571,0.429,0.429,0.714,0.429,0.143
facebook-idb_monthly.csv, 0.0,0.5,0.5,0.5,1.0,0.5,0.0
falco_monthly.csv, 0.947,0.842,0.158,0.368,0.263,0.0,0.895
falcon_monthly.csv, 0.5,0.75,0.25,13.0,0.75,0.25,0.25
fathom_monthly.csv, 1.0,0.0,0.0,0.0,0.0,0.0,1.0
faust_monthly.csv, 0.0,0.0,0.0,0.0,0.0,0.0,0.0
fela_monthly.csv, 0.167,0.167,0.167,0.0,0.667,0.0,0.0
filipw-dotnet-script_monthly.csv, 0.0,0.167,0.0,0.0,0.167,0.0,0.0
firejail_monthly.csv, 0.438,0.062,0.125,0.125,0.25,0.125,0.25
firekylin-firekylin_monthly.csv, 1.0,1.0,1.0,1.0,1.0,1.0,0.0
fission_monthly.csv, 0.833,1.667,0.167,0.0,0.333,0.0,0.333
flatpak_monthly.csv, 0.214,0.036,0.143,0.036,0.143,0.0,0.214
flatpickr_monthly.csv, 0.4,0.4,0.8,0.6,1.0,0.4,0.0
fleet_monthly.csv, 0.091,0.0,0.273,0.0,0.455,0.273,0.0
flix_monthly.csv, 0.364,0.182,0.091,1.0,0.273,0.0,0.364
floccus_monthly.csv, 0.0,0.0,0.0,0.0,0.0,0.0,0.0
flow-typed_monthly.csv, 0.6,2.5,0.9,0.2,0.3,0.9,0.2
flowable-engine_monthly.csv, 1.636,2.0,0.818,0.273,0.818,0.455,0.909
flowblade_monthly.csv, 0.4,0.4,0.2,0.0,0.4,0.0,0.0
fluent-bit_monthly.csv, 0.098,0.415,0.024,0.195,0.073,0.024,0.0
fluentui_monthly.csv, 0.213,0.462,0.213,0.01,0.141,0.236,0.141
flutter-intellij_monthly.csv, 0.048,0.714,0.095,0.048,0.286,0.048,0.0
flux_monthly.csv, 0.28,0.32,0.16,0.04,0.2,0.08,0.04
focus-android_monthly.csv, 0.625,2.25,0.25,0.0,0.25,0.25,0.5
fonts_monthly.csv, 0.095,0.19,0.667,1.381,0.762,0.333,0.0
formio-formio_monthly.csv, 0.5,0.667,0.167,0.333,0.0,0.0,0.0
formio.js_monthly.csv, 0.098,0.426,0.131,0.213,0.311,0.131,0.016
fossasia-open-event-attendee-android_monthly.csv, 0.0,0.0,0.0,0.0,0.0,0.0,0.0
fossasia-open-event-organizer-android_monthly.csv, 0.0,0.0,0.0,0.0,0.0,0.0,0.0
fossasia-open-event-wsgen_monthly.csv, 0.0,0.0,0.0,0.0,0.0,0.0,0.0
fossasia-susi_android_monthly.csv, 0.0,0.0,0.0,0.0,0.0,0.0,0.0
framework_monthly.csv, 0.0,0.0,0.0,0.5,0.5,0.0,0.0
freeorion_monthly.csv, 0.231,0.923,0.385,0.154,0.385,0.385,0.154
frontend_monthly.csv, 0.571,0.571,0.0,0.571,0.143,0.0,0.286
frr_monthly.csv, 0.154,0.223,0.131,0.031,0.154,0.015,0.092
fuse-box_monthly.csv, 0.5,1.0,0.5,0.5,1.0,0.0,0.0
futures-rs_monthly.csv, 0.333,1.333,0.167,0.167,0.333,0.167,0.0
fwupd_monthly.csv, 0.088,0.235,0.059,0.059,0.088,0.0,0.029
galaxy_monthly.csv, 0.0,0.0,0.0,0.0,0.0,0.0,0.0
ganttproject_monthly.csv, 0.0,0.0,0.0,1.0,1.0,1.0,0.0
gatsby-starter-lumen_monthly.csv, 0.133,0.2,0.6,0.067,0.533,0.6,0.0
ghdl_monthly.csv, 0.0,0.0,0.222,0.222,0.222,0.222,0.0
gitea_monthly.csv, 0.162,0.176,0.074,0.074,0.206,0.074,0.088
github-VisualStudio_monthly.csv, 3.0,13.0,7.0,1.0,3.0,1.0,1.0
github_monthly.csv, 0.75,2.25,0.5,0.25,1.25,0.25,0.0
gitify_monthly.csv, 0.5,0.333,0.333,0.0,0.333,0.167,0.333
glimmer-vm_monthly.csv, 0.389,0.333,0.111,0.167,0.611,0.5,0.0
glpi-project-glpi_monthly.csv, 0.565,0.478,0.087,0.043,0.696,0.174,0.174
gluon_monthly.csv, 0.182,0.091,0.091,0.182,0.0,0.0,0.091
go-libp2p_monthly.csv, 0.143,0.0,0.143,0.143,0.143,0.143,0.0
go-micro_monthly.csv, 0.119,0.731,0.09,0.015,0.06,0.015,0.045
go_monthly.csv, 0.304,0.0,0.087,0.13,0.087,0.0,0.087
gocryptfs_monthly.csv, 0.0,0.0,0.5,1.0,0.0,0.0,0.0
golem_monthly.csv, 0.0,0.0,0.0,0.0,0.0,0.0,0.0
gomplate_monthly.csv, 0.273,0.318,0.273,0.0,0.318,0.182,0.182
google-api-dotnet-client_monthly.csv, 0.0,0.333,0.333,0.333,0.0,0.0,0.0
google-cloud-php_monthly.csv, 0.477,0.462,0.154,0.154,0.169,0.123,0.323
googletest_monthly.csv, 0.636,0.909,0.091,1.364,0.273,0.273,0.273
gophercloud_monthly.csv, 0.625,1.25,0.125,0.125,0.375,0.0,0.0
goreleaser_monthly.csv, 0.51,0.531,0.184,0.082,0.122,0.082,0.306
gpdb_monthly.csv, 0.057,0.23,0.046,0.092,0.092,0.011,0.057
gpiozero_monthly.csv, 0.0,0.5,0.5,1.0,0.0,0.0,0.0
gpu.js_monthly.csv, 0.0,0.0,0.0,0.0,0.0,0.0,0.0
graal_monthly.csv, 0.069,0.345,0.138,0.034,0.0,0.034,0.034
grafana-zabbix_monthly.csv, 1.0,0.0,1.0,0.0,0.0,0.0,0.0
grakn_monthly.csv, 1.667,3.889,0.889,0.889,2.0,0.222,0.778
grandnode_monthly.csv, 0.0,0.0,0.0,0.0,0.0,0.0,0.0
grapesjs_monthly.csv, 1.0,0.0,0.0,0.0,0.0,0.0,0.0
graphiql_monthly.csv, 3.0,6.0,5.0,3.0,0.0,0.0,0.0
graphql-code-generator_monthly.csv, 0.132,0.52,0.046,0.02,0.072,0.013,0.092
graphql-java_monthly.csv, 0.25,0.125,0.188,0.25,0.438,0.062,0.0
graphql-js_monthly.csv, 0.025,0.25,0.075,0.025,0.1,0.05,0.025
graphql-ruby_monthly.csv, 0.4,0.343,0.171,0.086,0.143,0.086,0.143
gravitational-teleport_monthly.csv, 0.275,0.294,0.039,0.078,0.0,0.0,0.216
greta_monthly.csv, 0.667,0.333,0.333,0.0,0.0,0.0,0.333
grin_monthly.csv, 0.583,0.917,0.583,0.583,0.75,0.5,0.583
grommet_monthly.csv, 0.016,0.548,0.016,0.113,0.065,0.032,0.0
groue-GRDB.swift_monthly.csv, 0.0,0.0,0.0,0.0,0.0,0.0,0.0
grpc-swift_monthly.csv, 0.5,2.0,1.0,0.0,0.0,0.0,0.0
gtk_monthly.csv, 3.0,3.0,1.0,0.0,1.0,0.0,1.0
h2database_monthly.csv, 0.138,0.138,0.0,0.034,0.0,0.034,0.0
habitat_monthly.csv, 0.047,0.535,0.279,0.116,0.349,0.047,0.0
hackclub_monthly.csv, 0.0,3.0,1.0,0.0,1.0,0.0,0.0
hacl-star_monthly.csv, 0.2,0.4,0.4,0.4,0.0,0.2,0.0
harbor_monthly.csv, 0.147,0.179,0.116,0.2,0.126,0.137,0.063
hashcat-hashcat_monthly.csv, 0.389,0.333,0.111,0.0,0.111,0.0,0.111
hashi-ui_monthly.csv, 0.111,0.222,0.222,0.111,0.222,0.111,0.111
hashlink_monthly.csv, 1.0,1.0,1.0,1.0,1.0,0.0,1.0
haskell-ide-engine_monthly.csv, 0.0,4.0,3.0,1.0,0.0,0.0,0.0
hazelcast-jet_monthly.csv, 0.08,0.08,0.04,0.36,0.28,0.12,0.04
healthchecks_monthly.csv, 0.0,0.25,0.25,0.25,0.5,0.0,0.0
heketi_monthly.csv, 0.5,0.0,0.5,0.333,0.167,0.0,0.333
helm-charts_monthly.csv, 0.594,0.97,0.519,0.023,0.15,0.489,0.376
helm-helm_monthly.csv, 0.143,0.214,0.071,0.262,0.333,0.167,0.0
helpy_monthly.csv, 0.263,0.368,0.316,0.053,0.184,0.053,0.105
hexo-theme-tranquilpeak_monthly.csv, 0.5,0.5,0.25,0.0,1.0,0.25,0.25
hls.js_monthly.csv, 0.375,0.5,0.156,0.062,0.281,0.062,0.062
hoverboard_monthly.csv, 0.171,0.882,0.224,0.013,0.118,0.0,0.0
hoverfly_monthly.csv, 0.5,0.5,0.0,0.0,0.5,0.0,0.5
htmlburger-carbon-fields_monthly.csv, 0.0,1.0,0.0,1.0,0.0,0.0,0.0
hug_monthly.csv, 0.0,0.0,0.0,0.0,0.0,0.0,0.0
hyperledger-burrow_monthly.csv, 0.25,0.25,0.25,0.25,0.0,0.0,0.0
hypervisor_monthly.csv, 0.0,0.0,0.5,0.5,0.0,0.0,0.0
i3_monthly.csv, 0.0,0.0,0.0,0.0,0.0,0.0,0.0
ibis_monthly.csv, 0.12,0.28,0.12,0.04,0.08,0.04,0.08
icestudio_monthly.csv, 0.0,0.0,0.0,0.0,0.0,0.0,0.0
ignite-ui_monthly.csv, 0.0,4.0,1.0,0.0,1.0,0.0,0.0
ignition_monthly.csv, 0.133,0.0,0.2,0.133,0.333,0.067,0.067
imgaug_monthly.csv, 7.0,4.0,9.0,5.0,11.0,12.0,3.0
incubator-heron_monthly.csv, 0.625,2.25,0.25,0.0,0.5,0.25,0.625
incubator-mxnet_monthly.csv, 0.23,0.54,0.172,0.161,0.356,0.115,0.023
incubator-tvm_monthly.csv, 0.147,0.247,0.093,0.007,0.04,0.067,0.073
infer_monthly.csv, 1.0,0.5,0.5,0.5,0.0,0.0,0.5
inferno_monthly.csv, 1.0,0.0,1.0,1.0,1.0,1.0,1.0
ink_monthly.csv, 0.0,0.5,0.0,0.5,0.5,0.0,0.0
insomnia_monthly.csv, 0.0,1.0,0.0,0.0,0.0,0.0,0.0
inspec_monthly.csv, 0.233,0.233,0.033,0.033,0.3,0.067,0.1
instagram-private-api_monthly.csv, 0.6,0.2,0.4,0.0,0.0,0.2,0.0
installer_monthly.csv, 3.0,7.0,0.0,3.0,0.0,0.0,0.0
instantsearch.js_monthly.csv, 0.0,0.692,0.231,0.154,0.154,0.077,0.0
intellij-rust_monthly.csv, 0.113,0.423,0.052,0.021,0.175,0.021,0.031
ionic-conference-app_monthly.csv, 0.158,0.5,0.053,0.0,0.105,0.079,0.0
ionic-native_monthly.csv, 0.417,0.333,0.333,0.167,0.25,0.083,0.167
ios-oss_monthly.csv, 7.0,11.0,3.0,0.0,2.0,3.0,2.0
ipfs-cluster_monthly.csv, 0.667,1.667,4.333,1.333,5.333,3.0,0.333
ipfs-companion_monthly.csv, 2.0,3.0,0.0,0.0,1.0,1.0,1.0
ipfs-desktop_monthly.csv, 0.467,0.133,0.267,0.333,0.333,0.067,0.133
ipywidgets_monthly.csv, 0.444,0.167,0.111,0.167,0.056,0.0,0.111
iri_monthly.csv, 0.0,0.0,0.0,0.0,0.0,0.0,0.0
iris_monthly.csv, 2.0,3.0,1.0,1.0,0.0,0.0,0.0
its_monthly.csv, 0.308,0.077,0.154,0.077,0.154,0.077,0.0
jaeger_monthly.csv, 0.205,0.256,0.128,0.0,0.051,0.026,0.051
janusgraph_monthly.csv, 0.0,0.25,0.125,0.125,0.5,0.125,0.0
javamelody_monthly.csv, 1.0,1.0,1.0,1.0,1.0,1.0,1.0
javascript-obfuscator-javascript-obfuscator_monthly.csv, 0.533,0.6,0.133,0.067,0.067,0.0,0.4
jekyll-admin_monthly.csv, 0.333,0.333,0.667,0.667,0.667,0.333,0.333
jerryscript_monthly.csv, 0.081,0.226,0.097,0.129,0.032,0.0,0.032
joker_monthly.csv, 0.0,0.0,0.0,0.0,0.0,0.0,0.0
js-primer_monthly.csv, 0.062,0.125,0.125,0.0,0.25,0.0,0.0
jsweet_monthly.csv, 1.0,1.0,0.0,1.0,1.0,0.0,0.0
junit5_monthly.csv, 7.0,10.0,4.0,4.0,0.0,3.0,5.0
jupyterlab_monthly.csv, 0.104,0.045,0.045,0.343,0.164,0.045,0.0
justcoding121-Titanium-Web-Proxy_monthly.csv, 0.5,0.5,0.5,0.5,0.5,0.0,0.0
k6_monthly.csv, 0.136,0.318,0.182,0.045,0.182,0.0,0.091
kaldi-asr-kaldi_monthly.csv, 0.031,0.094,0.094,0.031,0.125,0.0,0.031
kaliber5-ember-bootstrap_monthly.csv, 0.342,0.658,0.211,0.026,0.237,0.079,0.158
kapacitor_monthly.csv, 0.6,0.4,0.2,0.2,0.2,0.0,0.4
katana-swift_monthly.csv, 0.0,0.0,0.0,0.0,0.0,0.0,0.0
keepassxc_monthly.csv, 0.0,0.0,0.0,0.0,0.0,0.0,0.0
keeweb-keeweb_monthly.csv, 0.0,0.0,0.0,0.0,0.0,0.0,0.0
keytransparency_monthly.csv, 0.3,0.4,0.3,0.5,0.3,0.1,0.1
kinto_monthly.csv, 0.125,0.062,0.031,0.188,0.125,0.062,0.0
kit_monthly.csv, 0.429,0.0,0.429,0.143,0.571,0.429,0.286
kitty_monthly.csv, 0.429,0.429,0.143,0.0,1.0,0.429,0.429
klipper_monthly.csv, 0.308,0.513,0.308,0.154,0.103,0.154,0.282
koel_monthly.csv, 0.75,0.25,0.75,0.25,0.5,0.5,0.5
konvajs-konva_monthly.csv, 1.0,0.0,0.0,1.0,0.0,0.0,1.0
kotest_monthly.csv, 0.04,0.36,0.12,0.08,0.12,0.2,0.04
kotlin-native_monthly.csv, 0.458,1.5,0.25,0.125,0.417,0.458,0.125
kotlinx.coroutines_monthly.csv, 0.5,0.5,0.125,0.125,0.75,0.25,0.5
krausest-js-framework-benchmark_monthly.csv, 0.0,0.125,0.125,0.0,0.375,0.25,0.0
ksql_monthly.csv, 0.09,0.348,0.146,0.067,0.079,0.011,0.045
ktor_monthly.csv, 0.5,0.55,0.5,0.55,0.5,0.5,0.45
kubeless_monthly.csv, 0.5,0.25,0.5,0.5,0.25,0.5,0.5
kubernetes-client-go_monthly.csv, 0.8,0.4,0.4,0.2,0.6,0.2,0.8
kubernetes-community_monthly.csv, 0.052,0.241,0.103,0.052,0.086,0.017,0.0
kubernetes-enhancements_monthly.csv, 0.031,0.156,0.156,0.062,0.156,0.031,0.0
kubernetes-ingress-nginx_monthly.csv, 0.091,0.073,0.218,0.073,0.218,0.127,0.018
kubernetes-kompose_monthly.csv, 0.25,0.125,0.0,0.25,0.75,0.5,0.125
kubernetes-kops_monthly.csv, 0.038,0.215,0.023,0.062,0.123,0.077,0.023
kubernetes-kube-state-metrics_monthly.csv, 0.2,0.067,0.0,0.133,0.333,0.067,0.133
kubernetes-minikube_monthly.csv, 0.019,0.385,0.096,0.029,0.221,0.019,0.019
kubernetes-on-aws_monthly.csv, 0.0,0.0,0.0,0.0,0.0,0.0,0.0
kubernetes-test-infra_monthly.csv, 0.015,0.194,0.04,0.013,0.015,0.018,0.003
kubespray_monthly.csv, 0.039,0.078,0.065,0.0,0.039,0.052,0.013
kubevirt_monthly.csv, 0.145,0.482,0.073,0.073,0.045,0.027,0.027
kulshekhar-ts-jest_monthly.csv, 0.123,0.526,0.018,0.018,0.018,0.368,0.018
kuzzle_monthly.csv, 0.75,0.375,0.25,0.125,0.125,0.125,0.5
kythe-kythe_monthly.csv, 0.0,0.83,0.094,0.019,0.038,0.038,0.0
lagom_monthly.csv, 0.242,0.242,0.121,0.182,0.03,0.0,0.03
lalrpop_monthly.csv, 0.2,0.0,0.2,0.0,0.4,0.2,0.2
landscape_monthly.csv, 0.0,0.097,0.032,0.097,0.0,0.0,0.0
lanterna_monthly.csv, 0.0,0.0,0.0,1.0,0.0,0.0,0.0
laradock-laradock_monthly.csv, 0.154,0.077,0.538,0.154,0.462,0.385,0.077
laravel-admin_monthly.csv, 0.381,0.19,0.238,0.286,0.333,0.095,0.286
laravel-boilerplate_monthly.csv, 0.0,0.167,0.5,0.0,0.167,0.167,0.0
laravel-medialibrary_monthly.csv, 0.182,0.273,0.182,0.091,0.091,0.0,0.091
lbry-sdk_monthly.csv, 0.333,1.5,0.333,0.333,0.167,0.0,0.167
lemur_monthly.csv, 0.342,0.316,0.158,0.105,0.421,0.316,0.342
leptonica_monthly.csv, 0.0,0.0,0.333,0.0,0.333,0.0,0.0
lesspass_monthly.csv, 0.5,0.0,0.5,0.0,0.0,0.5,0.0
lib-jitsi-meet_monthly.csv, 0.172,0.31,0.138,0.069,0.172,0.138,0.138
libc_monthly.csv, 0.138,0.241,0.138,0.138,0.034,0.034,0.034
liberapay.com_monthly.csv, 0.15,0.15,0.05,0.15,0.0,0.0,0.0
libnetwork_monthly.csv, 2.0,10.0,1.0,1.0,0.0,0.0,2.0
libopenshot_monthly.csv, 1.0,1.0,1.0,1.0,1.0,0.0,1.0
librealsense_monthly.csv, 0.25,0.25,0.0,0.75,0.25,0.0,0.0
libtorrent_monthly.csv, 0.462,1.615,0.154,0.385,0.154,0.077,0.385
light-4j_monthly.csv, 0.571,0.714,0.143,0.143,0.143,0.143,0.143
lightning_monthly.csv, 0.062,0.234,0.062,0.062,0.031,0.0,0.0
likwid_monthly.csv, 1.0,1.0,4.0,3.0,1.0,3.0,0.0
linkerd_monthly.csv, 5.0,10.0,3.0,1.0,1.0,4.0,3.0
linuxbrew-core_monthly.csv, 0.769,0.994,0.131,0.006,0.075,0.019,0.138
linuxkit_monthly.csv, 0.25,1.0,0.25,0.375,0.5,0.0,0.0
lisk-sdk_monthly.csv, 0.0,0.0,0.0,0.0,0.0,0.0,0.0
llilc_monthly.csv, 0.5,0.5,0.0,0.5,0.5,0.5,0.0
lnd_monthly.csv, 0.211,0.132,0.395,0.132,0.211,0.184,0.0
lsp-mode_monthly.csv, 0.37,0.76,0.44,0.02,0.26,0.3,0.26
luma.gl_monthly.csv, 0.333,1.667,0.333,0.667,0.0,0.0,0.0
luminance-rs_monthly.csv, 0.5,0.5,0.125,0.0,0.5,0.25,0.375
lvgl_monthly.csv, 0.182,0.455,0.091,0.0,0.182,0.0,0.0
m3_monthly.csv, 0.082,0.204,0.102,0.041,0.041,0.0,0.0
magenta_monthly.csv, 0.75,0.167,0.083,0.083,0.083,0.083,0.167
mail_monthly.csv, 0.153,0.486,0.306,0.097,0.097,0.042,0.028
mailcow-dockerized_monthly.csv, 0.2,1.2,0.6,0.6,1.2,1.0,0.0
manager_monthly.csv, 1.0,1.0,1.0,1.0,1.0,0.0,1.0
mandelbulber2_monthly.csv, 1.0,1.0,0.0,0.0,1.0,0.0,0.0
maptalks.js_monthly.csv, 0.375,0.375,0.25,0.125,0.25,0.0,0.125
markdown-preview-enhanced_monthly.csv, 0.0,1.0,0.0,0.0,0.0,0.0,0.0
marten_monthly.csv, 2.0,2.0,1.5,1.0,1.5,1.0,1.5
matchbox_monthly.csv, 1.0,3.0,0.0,2.0,0.0,0.0,0.0
materia-theme_monthly.csv, 0.5,0.5,0.0,0.5,1.0,0.0,0.0
material-components-android_monthly.csv, 0.725,0.775,0.6,0.6,0.7,0.625,0.55
material-components-ios_monthly.csv, 1.0,0.0,0.0,0.0,0.0,0.0,0.0
material-components-web_monthly.csv, 0.064,0.141,0.026,0.064,0.333,0.103,0.013
material-theme-jetbrains_monthly.csv, 1.0,0.0,0.0,0.0,0.0,1.0,0.0
math_monthly.csv, 0.0,0.0,0.0,0.0,0.0,0.0,0.0
matrix-js-sdk_monthly.csv, 0.0,0.0,0.0,0.0,0.0,0.0,0.0
matterbridge_monthly.csv, 0.176,0.471,0.176,0.059,0.0,0.059,0.0
mattermost-desktop_monthly.csv, 7.0,6.0,5.0,3.0,5.0,3.0,5.0
mattermost-mobile_monthly.csv, 0.158,0.123,0.035,0.07,0.035,0.018,0.123
mattermost-server_monthly.csv, 0.139,0.297,0.069,0.119,0.099,0.139,0.05
mavo_monthly.csv, 1.0,0.5,0.5,0.5,0.5,0.0,1.0
maxwell_monthly.csv, 0.2,0.1,0.5,0.1,0.3,0.2,0.0
mc_monthly.csv, 0.636,0.523,0.182,0.045,0.114,0.091,0.523
mdanalysis_monthly.csv, 1.0,1.0,1.0,1.0,1.0,1.0,1.0
mesh_monthly.csv, 0.0,0.0,0.0,0.0,0.0,0.0,0.0
meshlab_monthly.csv, 0.714,0.429,0.429,0.143,0.286,0.286,0.714
meta-balena_monthly.csv, 0.25,0.25,0.25,0.083,0.25,0.083,0.25
metamask-extension_monthly.csv, 0.333,1.333,0.0,1.0,0.333,0.333,0.0
metrictank_monthly.csv, 0.2,0.2,0.3,0.15,0.4,0.3,0.2
metro_monthly.csv, 4.0,4.0,1.0,1.0,3.0,1.0,3.0
mfem_monthly.csv, 0.5,0.5,0.167,0.167,0.133,0.067,0.3
micro-micro_monthly.csv, 0.312,0.943,0.177,0.014,0.099,0.085,0.021
microsoft-BotFramework-Emulator_monthly.csv, 0.0,0.4,0.4,0.4,0.6,0.2,0.0
microsoft-BotFramework-WebChat_monthly.csv, 0.048,0.048,0.048,0.0,0.238,0.048,0.048
microsoft-ChakraCore_monthly.csv, 1.5,11.0,0.5,1.5,0.5,0.5,0.0
mikepenz-FastAdapter_monthly.csv, 0.0,0.0,0.0,0.0,0.0,0.0,0.0
mimesis_monthly.csv, 0.462,0.231,0.231,0.077,0.308,0.077,0.231
min_monthly.csv, 0.143,0.286,0.143,0.143,0.143,0.071,0.0
minio-go_monthly.csv, 0.294,0.235,0.176,0.0,0.059,0.0,0.059
mintty-mintty_monthly.csv, 1.0,1.0,0.0,0.0,0.0,0.0,0.0
miri_monthly.csv, 0.034,0.103,0.069,0.034,0.138,0.0,0.0
misskey_monthly.csv, 0.0,4.0,0.0,6.0,0.0,0.0,0.0
mitogen_monthly.csv, 0.0,0.333,0.333,0.0,0.0,0.0,0.0
mjml_monthly.csv, 0.8,0.6,0.0,0.1,0.3,0.0,0.7
mkdocs-material_monthly.csv, 0.091,0.242,0.091,0.061,0.606,0.182,0.03
mlsql_monthly.csv, 0.0,1.667,0.333,0.0,0.0,0.333,0.0
mobile_monthly.csv, 0.0,0.375,0.375,0.125,0.375,0.25,0.0
mobx-state-tree_monthly.csv, 0.6,0.467,0.533,0.467,0.6,0.6,0.6
molecule_monthly.csv, 0.235,0.059,0.059,0.059,0.059,0.059,0.059
monero-gui_monthly.csv, 0.684,0.053,0.211,0.579,0.105,0.053,0.158
monkey_monthly.csv, 0.0,0.0,0.0,0.0,1.0,1.0,0.0
movim_monthly.csv, 0.0,0.0,0.0,0.0,0.0,0.0,0.0
msbuild_monthly.csv, 0.37,0.521,0.356,0.151,0.411,0.274,0.11
mssql-jdbc_monthly.csv, 1.0,0.0,0.0,0.0,0.0,0.0,0.0
musikcube_monthly.csv, 0.0,0.0,0.0,0.0,0.0,0.0,0.0
mybatis-plus_monthly.csv, 0.0,0.0,0.0,0.0,0.0,0.0,0.0
mycroft-core_monthly.csv, 0.0,1.0,0.0,0.0,0.0,0.0,0.0
n1nj4sec-pupy_monthly.csv, 1.0,0.0,0.0,0.0,0.0,0.0,0.0
nDPI_monthly.csv, 0.0,0.0,0.0,0.0,0.0,0.0,0.0
napalm_monthly.csv, 0.0,0.0,1.0,1.0,1.0,1.0,0.0
nativescript-plugin-firebase_monthly.csv, 0.0,1.0,0.0,0.0,0.0,0.0,0.0
nats-streaming-server_monthly.csv, 6.0,5.0,2.0,0.0,2.0,0.0,5.0
neo4j-apoc-procedures_monthly.csv, 0.0,0.0,0.0,1.0,0.0,0.0,0.0
neofetch_monthly.csv, 0.792,0.583,0.667,0.417,0.583,0.667,0.583
neomutt_monthly.csv, 0.1,0.233,0.033,0.0,0.0,0.033,0.033
netbox_monthly.csv, 0.25,0.25,0.25,0.0,0.5,0.0,0.0
netlify-cms_monthly.csv, 0.282,0.645,0.264,0.0,0.373,0.182,0.245
netmap_monthly.csv, 1.0,1.0,1.0,1.0,1.0,1.0,1.0
ng-bootstrap_monthly.csv, 1.8,2.4,0.8,0.2,0.0,0.2,1.2
ng-dynamic-forms_monthly.csv, 0.4,0.0,0.6,0.2,0.4,0.4,0.0
nginx-ultimate-bad-bot-blocker_monthly.csv, 2.0,1.0,0.0,1.0,0.0,0.0,2.0
ngx-bootstrap_monthly.csv, 1.0,0.0,0.0,0.0,0.0,0.0,0.0
ngx-charts_monthly.csv, 0.2,0.4,0.5,0.3,0.6,0.3,0.0
ngx-datatable_monthly.csv, 0.375,0.25,0.375,0.125,0.625,0.375,0.25
ngx-formly_monthly.csv, 5.0,9.0,0.0,0.0,0.0,0.0,1.0
ngx-ui_monthly.csv, 0.3,0.1,0.1,0.1,0.1,0.0,0.0
nng_monthly.csv, 0.222,0.111,0.111,0.0,0.111,0.111,0.0
nodatime_monthly.csv, 4.0,8.0,1.0,2.0,1.0,1.0,3.0
node-red-dashboard_monthly.csv, 0.5,0.0,0.0,0.0,0.5,0.0,0.5
nomad_monthly.csv, 0.199,0.411,0.099,0.071,0.163,0.007,0.149
noms_monthly.csv, 0.5,2.5,0.0,1.0,0.5,0.0,0.0
notary_monthly.csv, 3.0,3.0,0.0,0.0,1.0,1.0,1.0
notebook_monthly.csv, 0.154,0.385,0.154,0.231,0.385,0.0,0.0
notepad-plus-plus_monthly.csv, 0.278,0.222,0.056,0.222,0.083,0.0,0.0
now_monthly.csv, 0.635,0.769,0.385,0.115,0.212,0.115,0.212
nteract_monthly.csv, 26.0,48.0,14.0,9.0,17.0,18.0,21.0
ntop-PF_RING_monthly.csv, 0.0,0.0,0.0,0.0,0.0,0.0,0.0
ntopng_monthly.csv, 0.0,0.0,0.0,0.0,0.0,0.0,0.0
nuclear_monthly.csv, 0.375,0.5,0.25,0.375,0.25,0.25,0.125
nuwave-lighthouse_monthly.csv, 0.167,0.3,0.233,0.2,0.033,0.0,0.067
nvda_monthly.csv, 0.367,0.233,0.233,0.133,0.3,0.3,0.2
objection.js_monthly.csv, 0.0,0.0,0.25,0.25,0.25,0.0,0.0
obyte-gui-wallet_monthly.csv, 0.5,0.65,0.3,0.1,0.15,0.1,0.4
ocaml-multicore_monthly.csv, 4.0,3.0,0.0,0.0,0.0,0.0,0.0
octobox_monthly.csv, 0.083,0.292,0.042,0.042,0.083,0.083,0.0
ogre_monthly.csv, 0.27,0.405,0.054,0.054,0.054,0.027,0.162
ohpc_monthly.csv, 0.0,0.0,0.0,0.0,0.0,0.0,0.0
oil_monthly.csv, 0.5,0.0,0.25,0.25,0.0,0.0,0.5
oio-sds_monthly.csv, 7.0,8.0,1.0,1.0,1.0,1.0,4.0
okbuck_monthly.csv, 0.083,0.083,0.167,0.0,1.417,0.667,0.083
omi_monthly.csv, 1.0,0.0,0.0,0.0,0.0,0.0,0.0
omim_monthly.csv, 0.116,0.372,0.047,0.023,0.116,0.0,0.0
omnisharp-vscode_monthly.csv, 0.0,0.056,0.278,0.167,0.167,0.167,0.0
omr_monthly.csv, 0.089,0.304,0.125,0.036,0.214,0.054,0.036
oneDNN_monthly.csv, 0.625,0.5,0.375,0.25,0.5,0.125,0.375
oniguruma_monthly.csv, 0.0,0.0,0.0,0.0,0.0,0.0,0.0
opa_monthly.csv, 0.469,0.0,0.312,0.031,0.062,0.562,0.344
open-event-server_monthly.csv, 0.0,1.0,0.0,0.0,1.0,0.0,0.0
open-zwave_monthly.csv, 0.516,0.548,0.484,0.226,0.613,0.613,0.452
openCypher_monthly.csv, 0.0,0.5,0.75,0.5,1.0,0.25,0.0
openapi-directory_monthly.csv, 0.0,1.0,0.0,0.0,0.0,0.0,0.0
openbazaar-go_monthly.csv, 7.0,11.0,3.0,3.0,9.0,3.0,6.0
openebs_monthly.csv, 0.143,1.143,0.0,0.286,0.143,0.0,0.0
openethereum_monthly.csv, 4.667,23.0,1.0,2.0,1.0,0.333,4.667
openfoodfacts-androidapp_monthly.csv, 29.0,16.0,21.0,8.0,46.0,1.0,21.0
opengapps_monthly.csv, 0.25,0.375,0.0,0.5,0.25,0.25,0.0
openkore_monthly.csv, 0.429,2.143,0.143,0.286,0.286,0.0,0.143
openlauncher_monthly.csv, 4.0,4.0,4.0,4.0,5.0,5.0,3.0
openmct_monthly.csv, 0.103,0.31,0.138,0.138,0.0,0.034,0.0
openmediavault_monthly.csv, 0.222,0.333,0.333,0.0,0.111,0.111,0.111
openrazer_monthly.csv, 0.0,0.5,0.5,1.0,0.5,0.5,0.0
openshot-qt_monthly.csv, 1.0,0.0,0.0,0.0,0.0,0.0,0.0
openthread_monthly.csv, 0.278,0.424,0.139,0.066,0.046,0.212,0.185
opentoonz_monthly.csv, 1.286,2.0,1.143,1.0,0.714,1.143,0.714
oppia_monthly.csv, 0.0,0.0,0.0,0.0,0.0,0.0,0.0
oragono_monthly.csv, 0.762,0.571,0.19,0.19,0.19,0.19,0.571
orbit-db_monthly.csv, 2.0,3.0,1.0,3.0,1.0,2.0,1.0
orbtk_monthly.csv, 0.0,0.0,0.0,0.0,0.0,0.0,0.0
orchestrator_monthly.csv, 1.667,2.333,0.0,0.333,0.333,0.333,0.333
ory-hydra_monthly.csv, 0.238,0.619,0.19,0.048,0.167,0.0,0.048
osqp_monthly.csv, 0.333,0.333,0.333,0.333,0.667,0.333,0.0
oss-fuzz_monthly.csv, 0.041,0.488,0.016,0.0,0.138,0.041,0.008
outline_monthly.csv, 1.0,0.8,0.8,0.4,1.0,0.6,0.2
owasp-masvs_monthly.csv, 3.0,5.0,3.0,6.0,1.0,1.0,3.0
owasp-mstg_monthly.csv, 0.455,0.636,0.364,0.727,1.545,1.364,0.273
owid-grapher_monthly.csv, 0.431,0.892,0.369,0.123,0.2,0.369,0.369
owl_monthly.csv, 3.5,2.0,1.5,1.0,1.0,0.5,2.0
paasta_monthly.csv, 0.138,0.172,0.069,0.0,0.069,0.0,0.103
panel_monthly.csv, 0.0,0.0,0.0,0.0,0.0,0.0,0.0
papirus-icon-theme_monthly.csv, 3.0,3.0,0.0,0.0,0.0,0.0,0.0
parabol_monthly.csv, 0.125,0.167,0.208,0.25,0.333,0.167,0.042
parse-server_monthly.csv, 0.292,0.667,0.333,0.042,0.125,0.0,0.042
patchwork_monthly.csv, 0.5,0.5,0.5,0.0,1.0,0.25,0.5
patroni_monthly.csv, 0.083,0.25,0.25,0.417,0.167,0.167,0.083
peachpie_monthly.csv, 0.625,0.5,0.125,0.125,0.375,0.0,0.5
peek_monthly.csv, 3.0,1.0,1.0,0.0,4.0,0.0,1.0
penrose_monthly.csv, 0.5,0.625,0.375,0.75,0.625,0.375,0.125
perfview_monthly.csv, 0.0,0.1,0.1,0.0,0.1,0.0,0.0
phan_monthly.csv, 1.4,3.4,0.4,0.0,0.2,0.2,1.0
pharo_monthly.csv, 0.0,0.0,0.0,0.0,0.0,0.0,0.0
photon_monthly.csv, 0.5,0.0,0.0,1.5,1.0,0.0,0.5
phpipam_monthly.csv, 0.333,0.167,0.167,0.0,0.333,0.167,0.333
phpstan_monthly.csv, 0.154,0.077,0.385,0.0,0.692,0.077,0.0
pilosa_monthly.csv, 1.0,4.0,0.0,0.0,0.0,0.0,0.0
piranha.core_monthly.csv, 0.222,0.333,0.222,0.0,0.333,0.111,0.222
pixiedust_monthly.csv, 1.0,1.0,0.5,0.0,0.5,0.0,0.5
places_monthly.csv, 4.0,10.0,2.0,3.0,2.0,0.0,1.0
plaid_monthly.csv, 0.714,0.429,0.286,0.286,0.286,0.0,0.286
platform_monthly.csv, 0.4,0.1,0.1,0.1,0.1,0.1,0.2
please_monthly.csv, 0.133,0.689,0.044,0.2,0.244,0.044,0.022
plotly-plotly.js_monthly.csv, 0.3,0.167,0.2,0.167,0.3,0.2,0.267
plyr_monthly.csv, 0.0,0.5,0.0,0.0,0.5,0.0,0.0
pnpm_monthly.csv, 0.167,0.033,0.033,0.167,0.033,0.0,0.033
poi_monthly.csv, 0.6,0.2,0.6,0.2,0.6,0.4,0.4
polyaxon_monthly.csv, 0.542,0.708,0.458,0.292,0.5,0.417,0.417
polybar_monthly.csv, 0.0,0.0,0.5,0.0,0.333,0.0,0.0
portainer_monthly.csv, 0.0,0.0,0.0,0.0,0.0,0.0,0.0
postgraphile_monthly.csv, 4.0,6.0,3.0,4.0,1.0,1.0,3.0
pravega_monthly.csv, 0.162,0.0,0.189,0.108,0.027,0.0,0.162
premake-core_monthly.csv, 0.333,0.333,0.0,0.167,0.333,0.167,0.0
primefaces_monthly.csv, 0.385,0.481,0.135,0.135,0.0,0.019,0.0
primeng_monthly.csv, 0.154,0.538,0.462,0.231,0.385,0.308,0.154
primereact_monthly.csv, 0.25,0.375,0.25,0.75,0.5,0.0,0.25
prisma1_monthly.csv, 1.0,3.0,1.0,1.0,1.0,0.0,0.0
privacytools.io_monthly.csv, 0.312,0.25,0.125,0.312,0.125,0.062,0.062
probot-probot_monthly.csv, 2.667,2.667,0.667,0.667,0.667,0.333,1.0
prometheus-operator_monthly.csv, 0.107,0.036,0.071,0.107,0.179,0.071,0.071
psalm_monthly.csv, 0.204,0.531,0.02,0.082,0.02,0.02,0.02
psi-probe_monthly.csv, 0.533,0.067,0.2,0.067,0.133,0.2,0.267
pulsar_monthly.csv, 0.042,0.106,0.127,0.092,0.099,0.049,0.014
pulumi_monthly.csv, 0.22,0.034,0.051,0.051,0.068,0.017,0.0
pxt-microbit_monthly.csv, 0.833,1.333,0.333,0.5,0.0,0.167,0.0
pxt_monthly.csv, 0.179,0.239,0.015,0.03,0.015,0.015,0.045
py-evm_monthly.csv, 0.333,3.0,0.333,0.667,0.667,0.0,0.333
pylint_monthly.csv, 0.222,0.222,0.333,0.444,0.222,0.111,0.111
pyomo_monthly.csv, 0.5,0.25,0.4,0.25,0.4,0.45,0.4
pytest_monthly.csv, 0.319,0.404,0.128,0.0,0.404,0.0,0.17
pythainlp_monthly.csv, 0.0,0.0,0.0,0.0,0.0,0.0,0.0
python-sdk_monthly.csv, 0.5,0.5,0.5,0.0,0.5,0.0,0.0
python-telegram-bot_monthly.csv, 0.231,0.154,0.231,0.308,0.385,0.308,0.077
pytype_monthly.csv, 0.125,0.125,0.375,0.125,0.625,0.25,0.0
qri_monthly.csv, 0.4,0.9,0.2,0.3,0.1,0.0,0.0
quasar_monthly.csv, 0.0,0.0,0.0,0.0,0.0,1.0,0.0
quic-go_monthly.csv, 0.071,0.071,0.0,0.107,0.036,0.0,0.071
quickstart-ios_monthly.csv, 0.0,0.273,0.091,0.091,0.091,0.0,0.0
quill_monthly.csv, 0.048,0.095,0.095,0.095,0.429,0.19,0.0
quodlibet_monthly.csv, 0.5,1.0,0.0,1.0,0.5,0.0,0.0
quorum_monthly.csv, 0.111,0.111,0.333,0.333,0.111,0.111,0.111
ra2_monthly.csv, 0.5,0.5,0.5,0.5,0.0,0.0,0.5
raiden_monthly.csv, 8.0,21.0,1.0,3.0,1.0,1.0,0.0
rally_monthly.csv, 0.6,0.6,1.0,0.6,1.0,0.0,0.2
rasa_monthly.csv, 0.376,0.6,0.094,0.059,0.447,0.035,0.376
raspap-webgui_monthly.csv, 1.0,0.0,2.0,0.0,1.0,0.0,1.0
rax_monthly.csv, 0.375,0.25,0.188,0.062,0.312,0.312,0.25
ray_monthly.csv, 0.167,0.684,0.096,0.058,0.085,0.006,0.006
react-admin_monthly.csv, 0.068,0.273,0.136,0.159,0.091,0.023,0.0
react-apollo_monthly.csv, 3.8,5.8,2.4,2.4,2.6,1.4,3.4
react-cool-starter_monthly.csv, 0.213,0.902,0.082,0.016,0.262,0.049,0.049
react-data-grid_monthly.csv, 1.0,5.0,0.0,1.0,0.0,0.0,0.0
react-fullstack-graphql_monthly.csv, 1.5,1.0,0.0,0.0,0.0,0.0,1.0
react-i18next_monthly.csv, 0.5,0.5,0.25,0.25,0.0,0.0,0.25
react-md_monthly.csv, 0.483,0.897,0.414,0.207,0.207,0.241,0.172
react-native-calendars_monthly.csv, 0.182,0.091,0.545,0.0,0.545,0.273,0.0
react-native-camera_monthly.csv, 0.8,0.4,1.0,0.2,0.0,0.0,0.0
react-native-code-push_monthly.csv, 0.0,0.25,0.25,0.25,0.75,0.25,0.0
react-native-elements_monthly.csv, 0.2,0.2,0.8,0.2,0.6,0.4,0.0
react-native-gifted-chat_monthly.csv, 0.231,0.0,1.769,0.846,0.538,0.462,0.077
react-native-navigation_monthly.csv, 0.059,0.206,0.147,0.029,0.029,0.0,0.0
react-native-paper_monthly.csv, 0.75,0.1,0.55,0.4,0.5,0.2,0.0
react-native-svg_monthly.csv, 0.0,1.0,0.5,1.5,0.0,0.0,0.0
react-native-windows_monthly.csv, 0.043,0.698,0.014,0.043,0.223,0.007,0.007
react-redux-form_monthly.csv, 0.0,0.333,0.333,0.0,0.0,0.0,0.0
react-styleguidist_monthly.csv, 0.364,0.182,0.182,0.0,0.273,0.0,0.273
react-table_monthly.csv, 0.1,0.3,0.1,0.5,0.1,0.05,0.1
react_on_rails_monthly.csv, 0.1,0.0,0.2,0.0,0.3,0.2,0.1
reactor-core_monthly.csv, 0.053,0.158,0.105,0.158,0.158,0.105,0.0
reactor-netty_monthly.csv, 0.559,0.794,0.471,0.118,0.382,0.471,0.471
realm-js_monthly.csv, 1.167,1.5,1.333,0.667,1.0,0.667,0.5
reason_monthly.csv, 0.5,0.667,0.167,0.167,0.167,0.167,0.5
rebass_monthly.csv, 0.556,0.556,0.556,0.222,0.333,0.444,0.333
recharts_monthly.csv, 0.0,0.333,0.0,0.0,0.333,0.0,0.0
redex_monthly.csv, 0.5,0.667,0.333,0.167,0.167,0.0,0.333
redoc_monthly.csv, 0.538,0.538,0.385,0.385,0.385,0.231,0.385
redom_monthly.csv, 0.684,0.895,0.579,0.0,0.605,0.5,0.5
redux-form_monthly.csv, 1.0,4.0,0.0,0.0,0.0,0.0,1.0
refined-github_monthly.csv, 0.25,0.411,0.214,0.089,0.518,0.0,0.125
reko_monthly.csv, 0.0,0.0,0.0,0.0,0.5,0.0,0.0
relay_monthly.csv, 0.714,1.286,0.429,0.286,0.857,0.143,0.286
remix-ide_monthly.csv, 4.0,7.333,1.0,0.333,4.333,2.667,2.667
remix_monthly.csv, 7.0,10.0,5.0,0.0,6.0,5.0,6.0
renovate_monthly.csv, 0.06,0.476,0.048,0.065,0.042,0.006,0.036
resharper-unity_monthly.csv, 0.0,0.0,0.0,0.0,0.0,0.0,0.0
resilience4j_monthly.csv, 0.125,0.125,0.062,0.062,0.188,0.062,0.0
rest-hapi_monthly.csv, 0.857,0.714,0.571,0.571,0.143,0.143,0.714
ring_monthly.csv, 7.0,10.0,8.0,5.0,0.0,0.0,4.0
riot-android_monthly.csv, 0.0,0.0,0.0,0.0,0.0,0.0,0.0
riot-web_monthly.csv, 0.0,0.0,0.0,0.0,0.0,0.0,0.0
rls_monthly.csv, 1.0,2.5,0.0,0.5,0.0,0.0,0.0
rollup_monthly.csv, 0.222,0.056,0.111,0.111,0.167,0.0,0.0
rook_monthly.csv, 0.082,0.402,0.103,0.021,0.155,0.01,0.01
roslyn_monthly.csv, 0.302,0.322,0.085,0.068,0.037,0.01,0.214
rqalpha_monthly.csv, 0.0,0.0,0.0,1.0,0.0,0.0,0.0
rsuite_monthly.csv, 10.0,5.5,1.5,1.5,2.0,3.5,6.5
runc_monthly.csv, 0.263,0.105,0.158,0.316,0.158,0.053,0.053
runelite_monthly.csv, 0.226,0.226,0.048,0.097,0.113,0.226,0.0
rushstack_monthly.csv, 0.226,0.396,0.057,0.113,0.075,0.0,0.057
rusoto_monthly.csv, 0.4,1.2,0.2,0.4,0.2,0.2,0.2
rust-bindgen_monthly.csv, 0.118,0.0,0.059,0.176,0.118,0.059,0.0
rustfmt_monthly.csv, 0.059,0.294,0.118,0.235,0.059,0.059,0.059
rustup_monthly.csv, 0.062,0.125,0.188,0.188,0.125,0.125,0.0
rxdb_monthly.csv, 0.039,0.442,0.182,0.052,0.104,0.091,0.0
s3inlc-hashtopolis_monthly.csv, 1.0,0.0,7.0,7.0,10.0,6.0,1.0
samourai-wallet-android_monthly.csv, 0.0,0.0,1.0,1.0,0.0,0.0,0.0
san_monthly.csv, 0.333,0.333,0.333,0.0,0.333,0.0,0.333
scalafmt_monthly.csv, 0.357,0.429,0.107,0.0,0.036,0.036,0.071
scalecube-services_monthly.csv, 1.0,0.0,0.0,0.0,0.0,0.0,0.0
scancode-toolkit_monthly.csv, 0.0,0.0,0.0,0.0,0.0,0.0,0.0
scapy_monthly.csv, 0.148,0.037,0.185,0.111,0.148,0.148,0.148
schemaspy_monthly.csv, 0.333,0.167,0.5,2.333,2.167,2.5,0.0
scikit-optimize_monthly.csv, 0.5,0.333,0.333,0.5,0.333,0.5,0.0
scio_monthly.csv, 0.132,0.321,0.094,0.038,0.245,0.038,0.019
scope_monthly.csv, 0.0,3.0,0.5,0.0,0.5,0.0,0.0
scouter_monthly.csv, 0.0,0.5,0.5,0.0,0.5,0.5,0.0
scratch-blocks_monthly.csv, 0.0,0.0,0.0,0.0,0.0,0.0,0.0
scratch-gui_monthly.csv, 0.0,0.0,0.0,0.0,0.0,0.0,0.0
scratch-vm_monthly.csv, 0.0,0.0,0.0,0.0,0.0,0.0,0.0
scratch-www_monthly.csv, 0.417,0.5,0.417,0.333,0.417,0.167,0.0
serenata-de-amor_monthly.csv, 1.0,2.0,1.0,2.0,2.0,1.0,1.0
server_monthly.csv, 0.011,0.111,0.011,0.011,0.089,0.017,0.0
service-catalog_monthly.csv, 3.0,8.5,0.5,1.0,0.5,0.0,0.5
serving_monthly.csv, 4.0,5.0,4.0,3.0,7.0,4.0,1.0
setuptools_monthly.csv, 0.062,0.125,0.062,0.25,0.0,0.0,0.0
seurat_monthly.csv, 0.0,0.0,0.0,0.0,0.0,0.0,0.0
sf_monthly.csv, 0.2,0.4,0.4,0.2,0.6,0.0,0.2
shadow-cljs_monthly.csv, 0.0,0.0,0.333,0.0,0.333,0.333,0.0
shap_monthly.csv, 0.222,0.222,0.222,0.111,0.222,0.222,0.111
shardingsphere_monthly.csv, 0.354,0.99,0.29,0.005,0.214,0.216,0.214
shrine_monthly.csv, 0.0,0.0,0.0,0.0,0.5,0.0,0.0
shuup_monthly.csv, 0.308,0.538,0.385,0.308,0.077,0.0,0.0
siesta_monthly.csv, 0.25,0.5,0.5,0.5,0.25,0.25,0.25
simc_monthly.csv, 0.0,0.0,0.0,0.0,0.0,0.0,0.0
simplenote-electron_monthly.csv, 4.0,6.0,1.0,5.0,0.0,0.0,0.0
simplenote-ios_monthly.csv, 0.0,0.0,0.0,0.0,0.0,0.0,0.0
simplewall_monthly.csv, 0.667,0.333,0.0,0.333,0.667,0.0,0.333
singularity_monthly.csv, 0.259,0.333,0.111,0.037,0.111,0.0,0.0
skf-flask_monthly.csv, 0.5,0.25,0.25,0.25,1.0,0.0,0.0
skipper_monthly.csv, 0.143,0.071,0.071,0.071,0.071,0.071,0.0
skopeo_monthly.csv, 0.12,0.36,0.12,0.12,0.2,0.24,0.04
skydive_monthly.csv, 1.0,4.667,1.0,0.333,0.667,0.0,0.333
skywalking_monthly.csv, 0.066,0.385,0.022,0.066,0.033,0.231,0.055
slate_monthly.csv, 0.174,0.0,0.13,0.043,0.087,0.087,0.0
sled_monthly.csv, 0.4,1.8,0.4,0.4,0.4,0.2,0.0
snapcast_monthly.csv, 0.5,0.0,1.0,0.5,1.0,0.5,0.0
snappydata_monthly.csv, 3.0,11.0,0.0,2.0,4.0,0.0,0.0
snorkel_monthly.csv, 0.75,0.5,0.5,0.25,0.25,0.25,0.75
snyk-snyk_monthly.csv, 0.067,0.683,0.1,0.05,0.1,0.033,0.033
solidity_monthly.csv, 0.0,0.0,0.0,0.0,0.0,0.0,0.0
solidus_monthly.csv, 0.211,0.579,0.053,0.105,0.105,0.0,0.053
sourcegraph_monthly.csv, 6.509,5.17,4.547,3.698,2.83,0.774,4.358
sp-dev-fx-webparts_monthly.csv, 0.846,0.846,0.577,0.115,0.654,0.077,0.654
sparklyr_monthly.csv, 0.174,0.391,0.087,0.0,0.174,0.043,0.087
spdk_monthly.csv, 0.5,0.5,0.5,0.5,0.0,0.0,0.0
spec_monthly.csv, 0.5,0.5,0.5,0.333,0.5,0.333,0.333
spectacle_monthly.csv, 3.0,4.0,1.0,1.0,0.0,1.0,0.0
spectrum_monthly.csv, 0.0,0.0,0.0,0.0,0.0,0.0,0.0
sphinx_monthly.csv, 3.667,4.333,1.0,0.0,0.333,0.333,2.667
spotless_monthly.csv, 6.0,6.0,1.0,0.0,0.0,1.0,0.0
spreed_monthly.csv, 0.1,0.5,0.075,0.038,0.062,0.0,0.012
spring-cloud-dataflow_monthly.csv, 0.154,0.385,0.077,0.154,0.154,0.077,0.077
spring-cloud-gateway_monthly.csv, 0.4,0.6,0.6,0.2,1.0,0.2,0.2
spring-cloud-sleuth_monthly.csv, 0.167,0.333,0.167,0.0,0.167,0.333,0.167
spring-kafka_monthly.csv, 0.176,0.059,0.176,0.176,0.176,0.059,0.0
spyder_monthly.csv, 0.0,0.077,0.308,0.385,0.154,0.077,0.0
sqlboiler_monthly.csv, 0.833,0.667,0.667,0.5,0.667,0.333,0.667
sqldelight_monthly.csv, 0.172,0.414,0.034,0.103,0.103,0.0,0.0
squidex_monthly.csv, 10.0,9.0,11.0,5.0,9.0,8.0,8.0
srs_monthly.csv, 0.0,0.0,0.0,0.0,0.0,0.0,0.0
stack_monthly.csv, 0.667,0.222,0.222,0.333,0.222,0.0,0.556
starhackit_monthly.csv, 0.667,0.222,0.556,0.222,0.556,0.0,0.0
status-react_monthly.csv, 0.0,0.0,0.0,0.0,0.0,0.0,0.0
streama_monthly.csv, 1.0,0.5,0.5,0.5,1.0,0.5,0.5
streamlink_monthly.csv, 0.312,0.062,0.5,0.25,0.625,0.5,0.312
strimzi-kafka-operator_monthly.csv, 0.03,0.434,0.04,0.04,0.04,0.03,0.02
stryker_monthly.csv, 11.333,8.333,19.667,0.667,30.667,19.667,7.0
substance_monthly.csv, 3.0,0.0,0.0,0.0,0.0,0.0,0.0
survey-library_monthly.csv, 0.333,0.333,0.333,0.667,0.333,0.0,0.0
susi.ai_monthly.csv, 0.857,1.571,0.571,0.0,0.714,0.429,0.429
sverweij-dependency-cruiser_monthly.csv, 0.0,0.0,0.0,0.0,0.0,0.0,0.0
swarmkit_monthly.csv, 0.667,2.333,0.333,0.0,0.333,0.0,0.0
sway_monthly.csv, 0.0,0.3,0.55,0.45,0.55,0.55,0.0
sweetalert2_monthly.csv, 0.333,0.0,0.333,0.0,0.0,0.0,0.0
swift-protobuf_monthly.csv, 0.56,0.56,0.12,0.04,0.28,0.0,0.2
swift-sdk_monthly.csv, 0.0,0.5,0.5,0.5,0.5,0.0,0.0
swiper_monthly.csv, 2.0,3.5,1.5,0.0,0.5,0.5,0.0
systemd_monthly.csv, 0.068,0.025,0.049,0.025,0.105,0.012,0.012
syzkaller_monthly.csv, 0.437,0.655,0.218,0.126,0.069,0.023,0.322
tModLoader_monthly.csv, 0.0,0.333,0.0,0.667,0.0,0.0,0.0
tablesaw_monthly.csv, 1.0,0.0,0.0,0.0,0.0,0.0,1.0
tabulator_monthly.csv, 0.4,0.4,0.2,0.2,0.2,0.0,0.2
tachiyomi_monthly.csv, 10.0,10.0,1.0,1.0,0.0,1.0,0.0
taichi_monthly.csv, 0.013,0.953,0.113,0.04,0.133,0.08,0.013
talk_monthly.csv, 0.452,0.699,0.425,0.014,0.425,0.37,0.315
tantivy_monthly.csv, 0.273,0.091,0.091,0.091,0.182,0.0,0.0
tectonic_monthly.csv, 0.364,0.091,0.273,0.091,0.091,0.091,0.364
telegraf_monthly.csv, 0.286,0.143,0.143,0.063,0.127,0.048,0.127
tensorlayer_monthly.csv, 1.0,4.0,1.0,1.0,0.0,0.0,0.0
tensorpack_monthly.csv, 1.0,0.0,0.0,0.0,0.0,0.0,0.0
terminus_monthly.csv, 0.235,0.725,0.157,0.235,0.02,0.137,0.02
termux-packages_monthly.csv, 0.048,0.167,0.167,0.071,0.167,0.0,0.0
terragrunt_monthly.csv, 0.273,0.182,0.273,0.091,0.364,0.364,0.091
terratest_monthly.csv, 0.333,0.222,0.333,0.333,0.444,0.222,0.222
terser_monthly.csv, 0.059,0.235,0.118,0.059,0.0,0.0,0.0
testcafe_monthly.csv, 0.346,0.231,0.192,0.231,0.192,0.154,0.346
textacy_monthly.csv, 0.667,0.333,0.0,0.333,0.0,0.0,0.0
tflint_monthly.csv, 0.034,0.414,0.241,0.069,0.172,0.103,0.0
thelounge_monthly.csv, 0.022,0.109,0.261,0.239,0.152,0.022,0.022
themis_monthly.csv, 0.222,0.222,0.111,0.056,0.056,0.056,0.0
thingsboard_monthly.csv, 0.281,0.632,0.316,0.018,0.263,0.263,0.158
tikv_monthly.csv, 0.01,0.062,0.062,0.094,0.052,0.021,0.0
timgrossmann-InstaPy_monthly.csv, 0.333,0.333,0.133,0.067,0.333,0.133,0.067
tmux_monthly.csv, 3.0,3.0,3.0,3.0,2.0,2.0,0.0
tock_monthly.csv, 0.346,0.308,0.038,0.115,0.0,0.0,0.0
toil_monthly.csv, 0.167,0.167,0.167,0.167,0.083,0.083,0.0
tokio_monthly.csv, 0.286,0.143,0.25,0.036,0.286,0.071,0.0
torrent_monthly.csv, 0.0,0.0,0.0,0.0,0.0,0.0,0.0
tpot_monthly.csv, 1.0,0.5,0.5,0.0,0.5,0.0,0.5
trafficcontrol_monthly.csv, 0.383,0.34,0.106,0.213,0.064,0.064,0.191
training-data-analyst_monthly.csv, 0.04,0.2,0.16,0.04,0.04,0.08,0.04
treemacs_monthly.csv, 3.0,2.0,1.0,1.0,2.0,1.0,3.0
trick_monthly.csv, 0.0,0.0,0.667,0.667,1.0,0.0,0.0
trillian_monthly.csv, 0.158,0.526,0.158,0.158,0.158,0.158,0.0
truffle_monthly.csv, 1.0,1.0,1.0,2.0,0.0,0.0,1.0
truffleruby_monthly.csv, 0.5,0.0,0.0,0.0,0.75,0.0,0.5
trust-dns_monthly.csv, 12.0,16.0,4.0,1.0,1.0,0.0,0.0
tsed_monthly.csv, 1.0,0.0,0.0,0.0,0.0,0.0,0.0
ttn_monthly.csv, 0.0,0.0,0.0,0.0,0.0,0.0,0.0
tui.chart_monthly.csv, 0.0,0.6,0.4,2.4,0.4,0.0,0.0
tui.editor_monthly.csv, 0.0,0.111,0.444,0.0,0.111,0.0,0.0
typeorm_monthly.csv, 0.212,0.212,0.242,0.03,0.273,0.0,0.212
typeshed_monthly.csv, 0.204,0.427,0.01,0.058,0.214,0.019,0.087
u-root_monthly.csv, 0.0,0.167,0.111,0.167,0.111,0.167,0.0
u8g2_monthly.csv, 1.0,1.0,0.0,1.0,0.0,0.0,0.0
uAssets_monthly.csv, 0.227,0.364,0.091,0.091,0.045,0.045,0.227
uTox_monthly.csv, 0.0,0.0,0.0,0.0,0.0,0.0,0.0
ungoogled-chromium_monthly.csv, 0.25,0.417,0.167,0.167,0.083,0.0,0.167
unicorn_monthly.csv, 0.333,0.0,0.333,0.0,0.333,0.0,0.333
uniforms_monthly.csv, 0.444,0.444,0.333,0.333,0.444,0.222,0.333
unison_monthly.csv, 5.0,7.0,0.0,0.0,1.0,0.0,0.0
unity-sdk_monthly.csv, 1.0,0.0,0.0,0.0,0.0,0.0,0.0
unitystation_monthly.csv, 0.0,0.0,0.0,0.0,0.0,0.0,0.0
universal_monthly.csv, 0.214,0.143,0.214,0.143,0.429,0.0,0.071
urh_monthly.csv, 0.2,0.2,0.2,0.0,0.0,0.0,0.0
uswds_monthly.csv, 0.0,0.0,0.0,0.0,0.0,0.0,0.0
v1s1t0r1sh3r3-airgeddon_monthly.csv, 0.0,0.0,0.0,0.0,0.0,0.0,0.0
valhalla_monthly.csv, 0.2,0.275,0.075,0.125,0.1,0.05,0.05
vapor_monthly.csv, 0.462,0.308,0.462,0.385,0.538,0.615,0.308
varnish-cache_monthly.csv, 0.091,0.0,0.182,0.091,0.091,0.091,0.0
vault_monthly.csv, 0.069,0.235,0.088,0.02,0.127,0.147,0.02
vcpkg_monthly.csv, 0.156,0.567,0.036,0.058,0.073,0.011,0.073
vee-validate_monthly.csv, 0.429,0.286,0.571,0.286,0.857,0.429,0.0
verdaccio_monthly.csv, 0.364,0.0,0.273,0.273,0.273,0.0,0.364
vergecurrency-verge_monthly.csv, 1.0,1.0,1.0,0.0,1.0,0.0,1.0
vernemq_monthly.csv, 0.154,0.231,0.154,0.077,0.308,0.077,0.0
vespa_monthly.csv, 0.008,0.095,0.025,0.0,0.025,0.0,0.004
vetur_monthly.csv, 0.354,0.8,0.169,0.062,0.569,0.154,0.2
victory_monthly.csv, 5.0,4.0,1.0,0.0,0.0,0.0,3.0
video-transcoding-api_monthly.csv, 0.125,0.25,0.0,0.125,0.0,0.0,0.0
virtualagc_monthly.csv, 1.0,1.0,1.0,1.0,1.0,1.0,1.0
visidata_monthly.csv, 0.0,0.0,0.0,0.0,0.0,0.0,0.0
visualboyadvance-m_monthly.csv, 0.4,0.2,0.2,0.6,0.0,0.0,0.2
vmaf_monthly.csv, 0.278,0.556,0.111,0.0,0.0,0.056,0.0
vnote_monthly.csv, 0.0,1.0,1.0,1.0,1.0,0.0,0.0
vnpy_monthly.csv, 0.0,0.0,0.5,0.0,0.5,0.5,0.0
voxblox_monthly.csv, 0.5,0.0,0.0,0.0,0.0,0.0,0.0
voyager_monthly.csv, 0.0,0.0,0.0,0.0,0.0,0.0,0.0
vs-threading_monthly.csv, 0.529,0.588,0.529,0.118,0.529,0.353,0.529
vscode-cpptools_monthly.csv, 0.278,0.556,0.185,0.019,0.037,0.037,0.148
vscode-go_monthly.csv, 0.5,1.25,1.0,0.0,0.25,0.0,0.25
vscode-icons_monthly.csv, 0.062,0.375,0.25,0.125,0.25,0.062,0.062
vscode-mssql_monthly.csv, 4.0,3.0,3.0,1.0,0.0,0.0,0.0
vscode-react-native_monthly.csv, 2.0,3.0,1.0,1.5,0.5,0.5,1.0
vscode-sqltools_monthly.csv, 1.0,1.5,0.5,0.0,1.0,0.0,0.0
vue-material_monthly.csv, 0.667,0.667,0.333,0.0,0.333,0.333,0.0
vuefire_monthly.csv, 0.057,0.743,0.143,0.029,0.029,0.029,0.029
vyper_monthly.csv, 0.571,1.143,0.429,0.143,0.857,0.571,0.286
wabt_monthly.csv, 0.0,0.133,0.067,0.0,0.0,0.0,0.0
wallaroo_monthly.csv, 0.333,2.667,0.333,0.333,0.0,0.333,0.0
wazuh_monthly.csv, 1.0,1.0,1.0,0.0,1.0,0.0,1.0
wcf_monthly.csv, 0.556,0.111,0.056,0.056,0.056,0.0,0.222
web3j_monthly.csv, 0.6,0.4,0.6,0.2,0.6,0.6,0.6
web_monthly.csv, 0.375,0.708,0.333,0.042,0.417,0.292,0.25
webpack-cli_monthly.csv, 0.0,5.0,1.0,4.0,0.0,0.0,0.0
webrecorder_monthly.csv, 0.333,0.333,0.667,0.333,0.667,0.333,0.333
webrender_monthly.csv, 0.067,0.167,0.067,0.033,0.033,0.0,0.033
wechaty_monthly.csv, 0.286,0.429,0.286,0.0,0.286,0.0,0.286
werf_monthly.csv, 0.067,0.267,0.022,0.089,0.111,0.022,0.022
wiki_monthly.csv, 9.0,9.0,5.0,4.0,4.0,3.0,9.0
winetricks_monthly.csv, 0.111,0.0,0.111,0.0,0.111,0.111,0.111
wire-android_monthly.csv, 0.0,15.0,0.0,0.0,0.0,0.0,0.0
wire-desktop_monthly.csv, 1.0,28.0,0.0,1.0,0.0,0.0,0.0
wire-ios_monthly.csv, 0.0,0.0,0.0,0.0,0.0,0.0,0.0
wire-webapp_monthly.csv, 0.0,0.0,0.0,0.0,0.0,0.0,0.0
wix-style-react_monthly.csv, 0.046,0.11,0.064,0.018,0.018,0.0,0.046
wolfssl_monthly.csv, 0.071,0.3,0.114,0.014,0.114,0.014,0.0
workbox_monthly.csv, 8.0,9.0,0.0,0.0,0.0,0.0,5.0
wp-calypso_monthly.csv, 0.072,0.072,0.015,0.03,0.034,0.009,0.006
wp-desktop_monthly.csv, 0.0,0.0,0.0,0.0,0.0,0.0,0.0
wp-graphql_monthly.csv, 0.0,0.0,0.5,0.0,0.5,0.0,0.0
xamarin-android_monthly.csv, 0.12,0.12,0.08,0.0,0.08,0.0,0.1
xamarin-macios_monthly.csv, 58.0,73.0,11.0,3.0,0.0,14.0,0.0
xi-editor_monthly.csv, 0.455,0.0,0.364,0.091,0.364,0.273,0.182
xmake_monthly.csv, 0.0,0.0,0.0,0.0,0.0,0.0,0.0
xonsh_monthly.csv, 0.25,0.517,0.217,0.033,0.05,0.033,0.067
xstate_monthly.csv, 0.174,0.348,0.174,0.13,0.13,0.13,0.13
xtensor_monthly.csv, 0.125,0.312,0.062,0.188,0.125,0.062,0.062
xxl-job_monthly.csv, 0.444,0.556,0.667,0.222,0.778,0.0,0.333
yapi_monthly.csv, 2.0,1.0,4.0,2.0,2.0,1.0,1.0
yay_monthly.csv, 5.0,6.0,1.0,1.0,0.0,0.0,4.0
yeti-platform-yeti_monthly.csv, 0.0,0.333,0.333,0.0,0.667,0.333,0.0
yocto-gl_monthly.csv, 0.508,0.902,0.279,0.016,0.213,0.213,0.508
z3_monthly.csv, 0.25,0.3,0.1,0.05,0.1,0.0,0.1
zalenium_monthly.csv, 1.333,2.0,0.333,0.333,0.333,0.0,0.0
zaproxy_monthly.csv, 0.0,0.0,0.0,0.0,0.0,0.0,0.0
zarm_monthly.csv, 0.8,0.8,0.2,0.4,0.2,0.2,0.6
zarr-python_monthly.csv, 0.375,0.375,0.875,0.625,1.0,0.875,0.25
zcoin_monthly.csv, 0.455,0.455,0.364,0.273,0.455,0.273,0.091
zeebe_monthly.csv, 0.0,0.0,0.0,0.0,0.0,0.0,0.0
zenbot_monthly.csv, 0.0,0.0,0.0,0.0,0.0,0.0,0.0
zephyr_monthly.csv, 0.023,0.094,0.079,0.023,0.14,0.008,0.003
zeroc-ice-ice_monthly.csv, 0.31,0.897,0.034,0.0,0.31,0.034,0.172
zig_monthly.csv, 0.117,0.75,0.195,0.016,0.32,0.016,0.008
zinit_monthly.csv, 0.8,0.6,0.4,0.6,0.6,0.6,0.6
zmNinja_monthly.csv, 0.5,0.5,0.0,0.5,0.0,0.0,0.0
zola_monthly.csv, 0.375,0.25,0.125,0.125,0.0,0.0,0.125
zstack_monthly.csv, 1.0,0.0,1.0,1.0,1.0,1.0,0.0
zstd_monthly.csv, 0.0,0.0,0.0,0.0,0.0,0.0,0.0
zulip-mobile_monthly.csv, 0.294,0.765,0.059,0.0,0.0,0.0,0.235
zulip_monthly.csv, 0.058,0.017,0.209,0.012,0.163,0.116,0.041
zyedidia-micro_monthly.csv, 0.565,0.565,0.522,0.217,0.391,0.261,0.565
