ACE3_monthly.csv, 0.176,0.0,0.235,0.0,0.118,0.059
AdaptiveCards_monthly.csv, 0.429,0.286,0.286,0.214,0.143,0.143
AdguardBrowserExtension_monthly.csv, 0.25,0.25,0.25,0.25,0.25,0.0
Aerial_monthly.csv, 0.333,0.0,0.333,0.333,0.333,0.333
Ammonite_monthly.csv, 0.0,0.2,0.0,0.2,0.4,0.0
AppMetrics_monthly.csv, 1.0,0.0,0.0,0.0,0.0,0.0
ArchiSteamFarm_monthly.csv, 0.2,0.2,0.2,0.2,0.0,0.0
Arduino_monthly.csv, 0.0,0.091,0.0,0.182,0.091,0.091
Attendize_monthly.csv, 0.0,1.0,0.0,0.0,0.0,0.0
AutomatedLab_monthly.csv, 0.5,0.5,1.0,1.0,0.5,0.0
Axelrod_monthly.csv, 0.2,0.2,0.0,0.4,0.2,0.0
AztecEditor-Android_monthly.csv, 0.0,1.0,0.5,0.5,0.5,0.0
AzuraCast_monthly.csv, 0.333,0.0,0.333,0.0,0.333,0.0
BaseRecyclerViewAdapterHelper_monthly.csv, 1.0,0.0,0.0,0.0,0.0,0.0
Benchmarks_monthly.csv, 1.0,1.0,0.5,0.5,0.0,0.0
BigDL_monthly.csv, 1.0,4.0,1.0,0.0,1.0,0.0
Binding.scala_monthly.csv, 0.5,0.0,0.0,0.5,0.0,0.0
BizHawk_monthly.csv, 0.1,0.2,0.0,0.0,0.1,0.0
BookStack_monthly.csv, 2.0,2.0,0.0,0.0,0.0,0.0
BoostNote.next_monthly.csv, 0.4,0.4,0.4,0.0,0.0,0.4
Boostnote_monthly.csv, 0.4,0.8,0.2,0.0,0.2,0.0
CAP_monthly.csv, 0.2,0.4,0.2,0.2,0.0,0.2
CBoard_monthly.csv, 0.0,0.0,0.0,0.5,0.0,0.0
CMSIS_5_monthly.csv, 0.4,0.8,0.6,0.4,0.6,0.4
CNTK_monthly.csv, 3.0,15.0,9.0,4.0,14.0,7.0
CRUD_monthly.csv, 0.083,0.25,0.083,0.083,0.167,0.0
CRYTEK-CRYENGINE_monthly.csv, 1.0,6.75,0.0,1.75,1.0,0.5
Captura_monthly.csv, 1.0,1.0,0.0,0.0,0.0,0.0
Carp_monthly.csv, 0.25,0.5,0.25,0.25,0.0,0.0
CatchUp_monthly.csv, 0.0,0.0,0.0,0.0,0.0,0.0
ClickHouse_monthly.csv, 0.162,0.459,0.014,0.068,0.054,0.014
ClosedXML_monthly.csv, 1.0,1.0,1.0,1.0,1.0,1.0
CodeIgniter4_monthly.csv, 0.333,0.429,0.286,0.143,0.429,0.095
CodeceptJS_monthly.csv, 0.0,0.25,0.083,0.0,0.167,0.167
CodenameOne_monthly.csv, 0.333,0.333,0.333,0.222,0.333,0.333
Cog-Creators-Red-DiscordBot_monthly.csv, 0.448,0.621,0.345,0.103,0.345,0.31
Cxbx-Reloaded_monthly.csv, 0.25,0.5,0.25,0.0,0.25,0.25
CyberChef_monthly.csv, 2.0,3.0,2.0,2.0,4.0,0.0
DFe.NET_monthly.csv, 0.5,1.0,1.0,1.0,1.0,1.0
DIM_monthly.csv, 0.231,0.308,0.231,0.154,0.462,0.308
DIY-Multiprotocol-TX-Module_monthly.csv, 0.0,0.0,0.333,0.333,0.333,0.333
DSharpPlus_monthly.csv, 0.667,0.333,1.0,0.333,1.0,0.667
DeepSpeech_monthly.csv, 0.0,0.091,0.091,0.091,0.0,0.0
Detox_monthly.csv, 0.0,0.0,0.1,0.1,0.1,0.0
DietPi_monthly.csv, 2.0,2.0,0.0,1.0,0.0,0.0
DifferentialEquations.jl_monthly.csv, 1.0,1.0,0.0,0.0,0.0,0.0
DirectXShaderCompiler_monthly.csv, 0.0,0.111,0.111,0.0,0.0,0.0
Discord.Net_monthly.csv, 2.0,4.0,0.0,0.0,0.0,0.0
EIPs_monthly.csv, 0.182,0.318,0.227,0.091,0.727,0.091
ESPEasy_monthly.csv, 0.25,0.0,0.375,0.125,0.0,0.0
EasyAdminBundle_monthly.csv, 1.0,0.75,0.25,0.25,0.25,0.0
EasyClangComplete_monthly.csv, 0.0,1.0,0.0,0.0,0.0,0.0
EvalAI_monthly.csv, 0.556,0.111,0.222,0.444,0.333,0.0
EventFlow_monthly.csv, 0.2,0.2,0.2,0.0,0.2,0.0
Fable_monthly.csv, 2.0,3.0,1.0,0.0,0.0,1.0
Facepunch.Steamworks_monthly.csv, 0.0,0.0,0.5,0.5,0.5,0.0
FiloDB_monthly.csv, 0.0,0.0,0.167,0.0,0.0,0.0
FilterLists_monthly.csv, 0.2,0.2,0.2,0.2,0.0,0.0
FirebaseUI-Android_monthly.csv, 0.5,0.5,0.0,0.5,0.0,0.0
FirebaseUI-iOS_monthly.csv, 0.0,0.0,0.5,0.0,0.0,0.0
FluentFTP_monthly.csv, 1.0,1.0,1.0,0.0,1.0,0.0
G2_monthly.csv, 0.1,0.3,0.0,0.0,0.0,0.0
GPflow_monthly.csv, 0.125,0.375,0.125,0.125,0.375,0.0
Gaffer_monthly.csv, 0.0,1.0,0.0,0.0,0.0,0.0
Gladys_monthly.csv, 0.0,0.25,0.25,0.25,0.25,0.0
GoogleChrome-lighthouse_monthly.csv, 0.25,0.417,0.333,0.042,0.125,0.167
HIP_monthly.csv, 4.0,9.0,3.0,1.0,4.0,1.0
HMCL_monthly.csv, 0.25,0.25,0.25,0.0,0.0,0.25
HSTracker_monthly.csv, 0.5,0.0,0.0,0.5,0.0,0.0
HabitRPG-habitica-android_monthly.csv, 0.25,0.5,0.375,0.25,0.125,0.25
HaishinKit.swift_monthly.csv, 0.5,0.5,0.5,0.5,0.5,0.0
HandBrake_monthly.csv, 0.125,0.125,0.125,0.0,0.0,0.0
Homebrew-homebrew-core_monthly.csv, 0.019,0.028,0.167,0.06,0.284,0.112
Hygieia_monthly.csv, 4.0,7.0,1.0,0.0,1.0,1.0
IBAnimatable_monthly.csv, 0.0,1.0,0.0,0.0,0.0,0.0
IdentityServer4_monthly.csv, 0.143,0.143,0.286,0.0,0.286,0.286
ImageMagick_monthly.csv, 0.143,0.143,0.0,0.286,0.143,0.0
ImageSharp_monthly.csv, 0.667,1.0,0.333,0.333,0.0,0.0
ImmersiveEngineering_monthly.csv, 0.2,0.4,0.0,0.0,0.2,0.0
Iosevka_monthly.csv, 0.333,0.333,0.333,0.333,0.333,0.333
JDA_monthly.csv, 0.2,0.0,0.0,1.0,0.4,0.0
JOML_monthly.csv, 0.0,0.0,0.0,0.0,0.0,0.0
Jackett_monthly.csv, 0.3,0.1,0.5,0.3,0.4,0.2
Karabiner-Elements_monthly.csv, 0.0,0.0,0.0,0.0,0.0,0.0
KhronosGroup-glslang_monthly.csv, 0.286,0.286,0.286,0.286,0.0,0.143
Kingfisher_monthly.csv, 0.0,0.0,0.0,0.0,0.0,0.0
Knet.jl_monthly.csv, 1.0,2.0,2.0,1.0,2.0,0.0
LaTeX-Workshop_monthly.csv, 0.25,0.25,0.0,0.0,0.0,0.0
Lakka-LibreELEC_monthly.csv, 2.25,3.0,1.5,0.75,1.75,1.5
LeafPic_monthly.csv, 0.0,0.0,1.0,1.0,1.0,0.0
LibrePCB_monthly.csv, 0.0,0.0,0.333,0.0,0.333,0.0
LightGBM_monthly.csv, 0.375,0.125,0.125,0.125,0.875,0.0
LightGraphs.jl_monthly.csv, 1.0,2.0,0.0,0.0,0.0,0.0
Loop_monthly.csv, 1.0,1.0,0.0,0.0,0.0,0.0
LuckPerms_monthly.csv, 0.0,0.0,0.0,0.0,0.0,0.0
Luma3DS_monthly.csv, 0.0,0.0,0.2,0.0,0.2,0.2
Macaw_monthly.csv, 0.0,0.5,1.0,0.0,1.5,0.5
MadelineProto_monthly.csv, 0.0,1.0,0.0,0.0,0.0,0.0
Magisk_monthly.csv, 0.294,0.235,0.294,0.059,0.176,0.118
Mailspring_monthly.csv, 0.0,0.0,0.0,0.333,0.0,0.0
MarkdownMonster_monthly.csv, 0.333,0.333,0.333,0.0,0.333,0.333
MaterialDesignInXamlToolkit_monthly.csv, 0.2,0.2,0.2,0.0,0.0,0.0
MaterialDrawer_monthly.csv, 0.333,0.333,0.333,0.333,0.333,0.333
Medusa_monthly.csv, 0.0,0.333,0.0,0.167,0.167,0.0
MinecraftDev_monthly.csv, 0.333,0.0,0.0,0.0,0.0,0.0
MixedRealityToolkit-Unity_monthly.csv, 0.04,0.12,0.04,0.12,0.12,0.04
Mobile-Security-Framework-MobSF_monthly.csv, 0.0,0.0,0.0,0.2,0.4,0.2
MonoGame.Extended_monthly.csv, 0.25,0.25,0.25,0.25,0.25,0.0
MyCrypto_monthly.csv, 0.667,0.833,0.5,0.667,0.667,0.167
MyTested.AspNetCore.Mvc_monthly.csv, 0.0,1.0,0.0,0.0,0.0,0.0
NSwag_monthly.csv, 0.0,0.333,0.0,0.111,0.0,0.0
NativeBase_monthly.csv, 1.0,4.0,1.0,1.0,1.0,1.0
NativeScript_monthly.csv, 0.833,1.167,0.5,0.5,0.167,0.667
Neo23x0-sigma_monthly.csv, 0.231,0.154,0.154,0.154,0.154,0.0
NetHack-NetHack_monthly.csv, 0.333,0.333,0.333,0.0,0.333,0.0
NewPipe_monthly.csv, 2.545,1.909,2.0,0.091,1.909,1.636
Nez_monthly.csv, 0.333,0.0,1.0,0.0,0.667,0.333
Notepad3_monthly.csv, 0.0,0.2,0.0,0.0,0.1,0.0
NuGetPackageExplorer_monthly.csv, 0.333,0.0,0.0,0.0,0.0,0.0
Odin_monthly.csv, 0.0,0.143,0.143,0.143,0.0,0.0
Open3D_monthly.csv, 0.1,0.2,0.1,0.5,0.2,0.2
OpenLara_monthly.csv, 0.0,0.0,0.0,0.0,0.0,0.0
OpenZeppelin-openzeppelin-contracts_monthly.csv, 0.0,0.143,0.0,0.143,0.571,0.0
Orchard_monthly.csv, 1.0,5.0,1.0,0.0,0.0,0.0
Organizr_monthly.csv, 0.0,0.0,0.333,0.333,0.667,0.667
PKSM_monthly.csv, 0.0,0.5,0.0,0.0,0.0,0.0
PROJ_monthly.csv, 0.2,0.2,0.2,0.0,0.0,0.4
PSScriptAnalyzer_monthly.csv, 1.0,2.0,0.0,1.0,0.0,2.0
PTVS_monthly.csv, 0.0,0.333,0.333,0.0,0.333,0.333
PWABuilder_monthly.csv, 0.2,0.2,0.2,0.4,0.4,0.2
P_monthly.csv, 0.0,0.0,0.0,0.0,0.0,0.0
Packages_monthly.csv, 0.2,0.4,0.4,0.0,1.2,0.6
Paddle_monthly.csv, 0.374,0.434,0.232,0.202,0.121,0.111
Paper_monthly.csv, 0.095,0.381,0.19,0.143,0.429,0.095
Parse-SDK-iOS-OSX_monthly.csv, 0.4,0.6,0.2,0.0,0.2,0.0
PathOfBuilding_monthly.csv, 0.0,0.0,0.0,1.0,0.0,0.0
PeerTube_monthly.csv, 0.042,0.5,0.125,0.083,0.208,0.083
Plots.jl_monthly.csv, 0.0,0.273,0.091,0.0,0.0,0.0
PnP-PowerShell_monthly.csv, 0.0,0.4,0.2,0.2,0.2,0.0
PocketMine-MP_monthly.csv, 0.5,0.333,0.167,0.167,0.667,0.0
PostProcessing_monthly.csv, 0.333,0.0,0.0,0.0,0.333,0.0
PowerShell_monthly.csv, 0.0,0.0,0.095,0.095,0.0,0.0
PptxGenJS_monthly.csv, 0.0,0.0,0.0,0.0,0.0,0.0
Prebid.js_monthly.csv, 0.034,0.241,0.052,0.069,0.034,0.0
Prism_monthly.csv, 0.167,0.167,0.0,0.0,0.5,0.0
Prusa-Firmware_monthly.csv, 0.0,0.2,0.2,0.2,0.2,0.2
PrusaSlicer_monthly.csv, 0.444,0.333,0.222,0.222,0.222,0.0
PythonRobotics_monthly.csv, 0.333,0.167,0.167,0.167,0.167,0.0
QUANTAXIS_monthly.csv, 0.125,0.375,0.125,0.125,0.375,0.0
QuantLib_monthly.csv, 0.75,0.5,0.5,0.25,0.75,0.25
QuestieDev_monthly.csv, 0.286,0.571,0.0,0.143,0.0,0.0
Rack_monthly.csv, 0.0,0.0,0.0,0.0,0.0,0.0
Radarr-Radarr_monthly.csv, 0.6,0.7,0.4,0.25,0.15,0.5
RawTherapee_monthly.csv, 0.167,0.5,0.0,0.333,0.167,0.333
ReactiveTraderCloud_monthly.csv, 0.5,0.0,0.333,0.333,0.667,0.167
RediSearch_monthly.csv, 0.143,0.0,0.286,0.143,0.143,0.0
ResearchKit_monthly.csv, 0.0,4.0,0.0,0.0,0.0,0.0
RetroShare_monthly.csv, 0.167,0.167,0.167,0.0,0.167,0.0
Rocket.Chat.Electron_monthly.csv, 0.5,0.5,0.0,0.5,0.0,0.0
RxSwift_monthly.csv, 2.0,5.0,0.0,1.0,0.0,0.0
SPIRV-Cross_monthly.csv, 0.0,0.0,0.0,0.0,0.0,0.0
SPIRV-Tools_monthly.csv, 0.0,0.083,0.25,0.0,0.167,0.25
Sabaki_monthly.csv, 0.5,0.0,0.0,0.0,0.0,0.0
SameBoy_monthly.csv, 0.0,0.0,0.0,0.0,0.333,0.333
SchemaCrawler_monthly.csv, 0.0,0.0,0.0,0.0,0.0,0.0
SecureAuthCorp-impacket_monthly.csv, 0.25,0.25,0.25,0.0,0.5,0.0
SickChill_monthly.csv, 3.0,5.0,1.0,0.0,1.0,0.0
Simple-Calendar_monthly.csv, 0.5,0.75,0.25,0.5,0.0,0.0
Simple-Camera_monthly.csv, 0.0,1.0,0.0,0.0,0.0,0.0
Simple-File-Manager_monthly.csv, 0.0,0.5,0.5,0.0,1.0,0.0
Simple-Gallery_monthly.csv, 5.0,8.0,1.0,2.0,1.0,1.0
Simple-Music-Player_monthly.csv, 0.0,0.0,0.0,0.0,0.0,0.0
SkiaSharp_monthly.csv, 1.0,1.0,0.0,0.0,0.0,0.0
SkyTube_monthly.csv, 0.5,1.0,0.5,0.0,0.5,0.0
Slide_monthly.csv, 0.0,0.333,0.333,0.333,0.0,0.0
SmartThingsPublic_monthly.csv, 0.167,0.25,0.083,0.0,0.25,0.0
Sming_monthly.csv, 1.0,2.0,1.0,0.0,0.0,0.0
Sourcetrail_monthly.csv, 0.4,0.4,0.2,0.0,0.0,0.0
SpaceVim_monthly.csv, 0.0,0.333,0.0,0.167,0.167,0.167
SpinalHDL_monthly.csv, 0.5,0.0,0.5,0.5,0.0,0.0
StratisBitcoinFullNode_monthly.csv, 0.0,2.5,0.5,1.0,0.5,0.0
StreetComplete_monthly.csv, 0.273,0.364,0.273,0.182,0.364,0.273
SwiftFormat_monthly.csv, 0.286,0.286,0.286,0.0,0.429,0.143
SwiftLint_monthly.csv, 0.286,0.286,0.143,0.143,0.143,0.143
TagUI_monthly.csv, 0.5,0.5,0.5,2.0,0.5,0.0
TelegramBots-Telegram.Bot_monthly.csv, 0.5,0.5,1.0,0.5,0.0,0.0
Telethon_monthly.csv, 0.2,0.2,0.0,0.2,0.0,0.0
ThePhD-sol2_monthly.csv, 0.0,0.0,0.0,0.0,0.0,0.0
Triton_monthly.csv, 0.0,0.0,0.5,0.5,0.0,0.0
Tunnelblick_monthly.csv, 0.0,0.0,0.0,0.0,0.0,0.0
Turing.jl_monthly.csv, 0.143,0.286,0.286,0.143,0.286,0.143
UA-.NETStandard_monthly.csv, 0.333,0.0,0.0,0.0,0.0,0.0
USD_monthly.csv, 1.3,1.2,0.1,0.7,0.8,0.0
Unigram_monthly.csv, 0.5,0.25,0.0,0.25,0.0,0.0
ViZDoom_monthly.csv, 0.0,0.0,1.0,0.0,1.0,0.0
Viewers_monthly.csv, 0.2,0.2,0.4,0.6,0.2,0.0
Vim_monthly.csv, 1.25,1.25,1.5,0.0,1.25,1.25
Vulkan_monthly.csv, 0.143,0.429,0.143,0.143,0.143,0.0
WAVM_monthly.csv, 0.0,0.0,0.0,0.0,0.0,0.0
WWDC_monthly.csv, 1.0,0.0,0.5,0.5,0.5,0.0
WalletWasabi_monthly.csv, 0.25,0.5,0.25,0.312,0.25,0.25
Waves_monthly.csv, 1.0,1.667,1.333,0.0,1.333,1.0
WebGoat_monthly.csv, 1.0,2.0,0.0,0.0,0.0,0.0
WebODM_monthly.csv, 0.0,0.333,0.0,0.0,0.0,0.0
WindowsCommunityToolkit_monthly.csv, 0.556,1.333,0.111,0.222,0.444,0.111
WindowsTemplateStudio_monthly.csv, 0.0,0.5,0.25,0.25,0.25,0.0
Xamarin.Forms_monthly.csv, 0.16,0.16,0.24,0.16,0.0,0.16
XamarinComponents_monthly.csv, 0.167,0.0,0.0,0.167,0.333,0.0
YUView_monthly.csv, 0.0,0.0,0.0,0.0,0.0,0.0
YarnSpinner_monthly.csv, 2.0,1.0,1.0,0.0,1.0,0.0
ZeroNet_monthly.csv, 0.5,1.0,0.5,0.5,1.0,0.5
abp_monthly.csv, 0.115,0.385,0.192,0.154,0.462,0.077
accounts_monthly.csv, 0.5,1.0,0.5,0.5,0.5,0.0
addons-frontend_monthly.csv, 0.085,0.102,0.119,0.102,0.034,0.017
adempiere_monthly.csv, 0.0,0.0,0.0,0.2,0.2,0.0
aframevr-aframe_monthly.csv, 0.667,2.0,0.667,0.0,0.333,0.333
agda_monthly.csv, 0.154,0.154,0.154,0.077,0.077,0.154
airflow_monthly.csv, 0.071,0.3,0.029,0.0,0.014,0.014
akka-http_monthly.csv, 0.167,1.0,0.667,0.167,0.667,0.167
ale_monthly.csv, 0.286,0.357,0.214,0.286,0.429,0.0
aliyun-openapi-java-sdk_monthly.csv, 0.333,0.333,0.0,0.333,0.333,0.0
alpakka_monthly.csv, 0.143,0.714,0.286,0.0,0.571,0.0
altair_monthly.csv, 1.0,1.0,1.0,0.5,0.5,0.0
amethyst_monthly.csv, 0.263,0.105,0.263,0.105,0.105,0.053
amidst_monthly.csv, 0.25,0.25,0.25,0.25,0.0,0.0
amp-wp_monthly.csv, 0.111,0.111,0.111,0.111,0.0,0.0
amphtml_monthly.csv, 0.069,0.017,0.086,0.121,0.017,0.017
android_monthly.csv, 0.375,0.375,0.25,0.375,0.25,0.0
angr_monthly.csv, 0.333,0.083,0.25,0.167,0.417,0.083
angular-calendar_monthly.csv, 0.0,0.0,0.0,0.0,0.0,0.0
apache-openwhisk_monthly.csv, 0.125,0.875,0.125,0.25,0.125,0.0
api_monthly.csv, 0.333,0.0,0.333,0.333,0.5,0.0
apiato_monthly.csv, 0.5,0.5,0.0,0.5,0.5,0.0
apify-js_monthly.csv, 0.5,1.0,1.5,0.0,1.5,1.5
apollo-android_monthly.csv, 0.667,0.333,0.5,0.5,0.667,0.333
apollo-angular_monthly.csv, 0.0,0.0,0.25,0.0,0.25,0.0
apollo-ios_monthly.csv, 0.333,0.167,0.333,0.333,0.5,0.333
apollo-server_monthly.csv, 0.333,0.083,0.167,0.167,0.25,0.167
apollo-tooling_monthly.csv, 0.167,0.167,0.333,0.0,0.0,0.0
apollo-universal-starter-kit_monthly.csv, 0.0,2.0,1.0,0.0,0.0,0.0
apollo_monthly.csv, 0.833,0.5,0.167,0.167,0.0,0.0
apollographql-apollo-client_monthly.csv, 0.0,0.059,0.235,0.118,0.471,0.176
appdaemon_monthly.csv, 0.0,2.0,0.0,0.0,0.0,0.0
apps_monthly.csv, 0.083,0.0,0.083,0.083,0.083,0.0
aqueduct_monthly.csv, 1.0,1.0,1.0,0.0,1.0,1.0
arcade_monthly.csv, 0.5,0.25,0.25,0.0,0.25,0.0
arcgis-python-api_monthly.csv, 1.25,0.75,1.5,1.25,0.75,0.75
arduino-esp32_monthly.csv, 2.0,8.0,0.0,0.0,1.0,0.0
armeria_monthly.csv, 0.25,0.25,0.167,0.083,0.0,0.167
armory_monthly.csv, 0.167,0.167,0.0,0.167,0.167,0.0
arrow_monthly.csv, 0.064,0.298,0.043,0.064,0.128,0.064
athenz_monthly.csv, 0.167,0.0,0.167,0.333,0.167,0.0
atlasdb_monthly.csv, 0.444,0.444,0.333,0.222,0.333,0.0
authelia_monthly.csv, 0.25,0.25,0.25,0.25,0.25,0.0
autorest_monthly.csv, 0.667,0.667,0.667,0.667,0.667,0.333
aws-sdk-cpp_monthly.csv, 0.5,0.5,0.25,0.25,0.25,0.0
axe-core_monthly.csv, 0.0,0.1,0.2,0.0,0.1,0.0
azerothcore-wotlk_monthly.csv, 0.238,0.333,0.143,0.095,0.333,0.333
azure-cli_monthly.csv, 0.023,0.256,0.023,0.023,0.07,0.023
azure-functions-host_monthly.csv, 0.0,0.25,0.125,0.25,0.0,0.25
azure-pipelines-agent_monthly.csv, 0.0,0.125,0.0,0.0,0.25,0.0
azure-rest-api-specs_monthly.csv, 0.079,0.465,0.055,0.094,0.087,0.024
balena-engine_monthly.csv, 4.25,6.75,0.75,0.25,1.5,0.0
ballerina-lang_monthly.csv, 0.157,0.216,0.157,0.059,0.0,0.0
base-drafts_monthly.csv, 0.182,0.182,0.091,0.0,0.182,0.0
bash-completion_monthly.csv, 0.0,0.0,0.0,0.0,0.0,0.0
bcc_monthly.csv, 0.143,0.143,0.286,0.143,0.357,0.143
beaker_monthly.csv, 0.333,0.0,0.333,0.333,0.333,0.333
benthos_monthly.csv, 0.333,0.0,0.333,0.333,0.0,0.0
best-practices-badge_monthly.csv, 0.0,0.0,0.0,0.0,0.0,0.0
betaflight-configurator_monthly.csv, 0.167,0.167,0.167,0.167,0.0,0.0
betaflight_monthly.csv, 0.091,0.909,0.182,0.182,0.182,0.0
bigchaindb_monthly.csv, 0.0,2.0,0.0,0.0,0.0,0.0
binaryen_monthly.csv, 0.143,0.0,0.143,0.0,0.143,0.0
bioconda-recipes_monthly.csv, 0.247,0.273,0.104,0.104,0.052,0.0
bitnami-charts_monthly.csv, 0.121,0.707,0.207,0.207,0.241,0.034
bitshares-ui_monthly.csv, 2.0,7.0,2.0,1.0,2.0,1.0
bitwarden-desktop_monthly.csv, 0.2,0.4,0.4,0.4,0.2,0.0
bk-cmdb_monthly.csv, 0.667,0.5,0.167,0.167,0.5,0.5
blink_monthly.csv, 0.2,0.4,0.0,0.2,0.2,0.0
bludit_monthly.csv, 0.667,0.667,0.333,0.667,0.333,0.0
blueprint_monthly.csv, 0.0,0.667,0.167,0.333,0.333,0.167
board_monthly.csv, 0.5,0.5,0.0,0.5,0.5,0.0
boinc_monthly.csv, 0.0,0.091,0.091,0.091,0.0,0.0
boofuzz_monthly.csv, 0.0,0.0,0.0,0.0,0.0,0.0
bookdown_monthly.csv, 0.333,0.0,0.0,0.0,0.0,0.0
bootkube_monthly.csv, 0.333,0.333,0.0,0.0,0.333,0.0
bootstrap-vue_monthly.csv, 0.143,0.286,0.286,0.0,0.143,0.0
borg_monthly.csv, 0.25,0.25,0.25,0.0,0.0,0.0
botframework-sdk_monthly.csv, 0.0,0.5,0.5,0.0,0.75,0.0
botpress_monthly.csv, 0.5,0.375,0.25,0.625,0.125,0.0
bqplot_monthly.csv, 0.2,0.0,0.2,0.2,0.4,0.0
brms_monthly.csv, 0.333,0.333,0.333,0.333,0.333,0.333
browser-compat-data_monthly.csv, 0.091,0.061,0.152,0.121,0.182,0.152
browser_monthly.csv, 0.25,0.375,0.125,0.125,0.25,0.0
btrfs_monthly.csv, 0.0,0.0,0.0,0.0,0.0,0.0
bucklescript_monthly.csv, 0.0,0.143,0.143,0.143,0.143,0.0
cacti_monthly.csv, 0.333,0.167,0.167,0.167,0.167,0.0
calibre-web_monthly.csv, 0.0,0.125,0.375,0.0,0.125,0.0
calico_monthly.csv, 0.045,0.273,0.136,0.318,0.0,0.0
calicoctl_monthly.csv, 0.0,0.6,0.4,0.2,0.4,0.2
californium_monthly.csv, 0.5,0.5,0.0,0.0,0.5,0.0
cantata_monthly.csv, 0.333,0.333,0.333,0.0,0.333,0.333
canvas_monthly.csv, 0.0,1.0,0.0,0.0,1.0,0.0
cats_monthly.csv, 0.364,0.227,0.182,0.273,0.273,0.045
cds_monthly.csv, 0.0,0.167,0.167,0.0,0.0,0.0
centrifugo_monthly.csv, 0.0,0.0,0.0,0.0,0.0,0.0
ceph-container_monthly.csv, 0.5,1.0,0.5,0.5,0.0,0.0
chainer_monthly.csv, 1.5,12.5,1.0,0.5,0.5,1.0
che_monthly.csv, 0.059,0.765,0.059,0.0,0.235,0.0
cheat-engine_monthly.csv, 0.0,0.5,0.0,0.0,0.0,0.0
cherrypy_monthly.csv, 0.0,0.5,0.0,0.0,0.0,0.0
chevrotain_monthly.csv, 1.0,2.0,1.0,0.0,0.0,0.0
chibi-scheme_monthly.csv, 0.5,0.5,0.25,0.25,0.25,0.0
chisel3_monthly.csv, 0.0,0.125,0.125,0.25,0.125,0.0
chronograf_monthly.csv, 0.667,2.0,0.333,0.333,0.333,0.0
chummer5a_monthly.csv, 0.0,0.333,0.333,0.0,0.333,0.0
cilium_monthly.csv, 0.0,0.259,0.074,0.074,0.222,0.148
circe_monthly.csv, 0.333,0.0,0.167,0.167,0.5,0.167
citus_monthly.csv, 0.3,0.3,0.2,0.1,0.1,0.0
citybound_monthly.csv, 0.0,0.0,0.0,0.0,0.0,0.0
ckeditor5_monthly.csv, 0.19,0.286,0.19,0.143,0.19,0.19
clair_monthly.csv, 0.0,1.0,0.0,0.0,0.0,0.0
clap_monthly.csv, 0.0,0.231,0.154,0.154,0.231,0.077
clarity_monthly.csv, 0.0,0.0,0.1,0.2,0.3,0.0
client_monthly.csv, 2.5,8.5,1.0,1.5,0.0,0.5
cloud-custodian_monthly.csv, 0.5,0.625,0.625,0.125,0.625,0.375
cloudserver_monthly.csv, 0.75,1.25,0.75,0.5,0.75,0.25
cncjs_monthly.csv, 1.0,0.0,0.0,0.0,1.0,0.0
cocalc_monthly.csv, 1.0,1.0,1.0,0.333,1.0,1.0
code-push_monthly.csv, 0.333,0.333,0.0,0.333,0.0,0.0
codechecker_monthly.csv, 0.4,0.4,0.4,0.4,0.4,0.2
codesandbox-client_monthly.csv, 0.857,0.714,0.714,0.143,0.286,0.286
codimd_monthly.csv, 0.333,0.333,0.0,0.333,0.667,0.333
community-edition_monthly.csv, 2.0,2.0,0.0,3.0,0.0,0.0
componentkit_monthly.csv, 0.4,0.6,0.4,0.2,0.4,0.2
components_monthly.csv, 0.077,0.192,0.192,0.154,0.192,0.077
conan_monthly.csv, 0.278,0.389,0.278,0.111,0.278,0.167
conductor_monthly.csv, 0.3,0.1,0.2,0.3,0.4,0.1
conscrypt_monthly.csv, 0.0,0.0,0.0,0.0,0.0,0.0
consul_monthly.csv, 0.5,0.333,0.5,0.167,0.5,0.5
container.training_monthly.csv, 0.0,1.0,0.0,0.0,0.0,0.0
containerd_monthly.csv, 0.125,0.125,0.125,0.062,0.125,0.0
copperspice_monthly.csv, 0.0,0.0,0.0,0.5,0.0,0.0
corda_monthly.csv, 0.034,0.034,0.034,0.069,0.034,0.0
core_monthly.csv, 0.125,0.125,0.0,0.25,0.125,0.0
coredns_monthly.csv, 0.375,0.25,0.25,0.0,0.0,0.125
corefxlab_monthly.csv, 0.0,0.667,0.333,0.333,0.0,0.0
corert_monthly.csv, 0.8,4.4,0.6,1.0,0.4,0.2
cortex_monthly.csv, 0.25,0.458,0.375,0.083,0.167,0.042
cosmos-sdk_monthly.csv, 0.192,0.269,0.154,0.077,0.077,0.0
coursier_monthly.csv, 0.333,0.333,0.333,0.167,0.5,0.0
covalent_monthly.csv, 0.4,0.2,0.2,0.4,0.0,0.0
cowrie-cowrie_monthly.csv, 0.5,0.5,0.5,0.0,0.0,0.0
cp-docker-images_monthly.csv, 4.0,5.0,4.0,0.0,2.0,3.0
cri-o_monthly.csv, 0.067,0.0,0.2,0.0,0.0,0.067
crimx-ext-saladict_monthly.csv, 0.5,0.5,0.5,0.0,0.5,0.5
crunchy-containers_monthly.csv, 0.286,0.143,0.429,0.286,0.143,0.0
cryptopp_monthly.csv, 0.0,1.0,0.0,0.0,0.0,0.0
css_monthly.csv, 1.0,0.333,1.0,1.0,0.667,0.333
cssnano_monthly.csv, 0.333,0.333,0.333,0.0,0.333,0.0
cuba_monthly.csv, 0.571,0.429,0.429,0.571,0.429,0.571
cucumber_monthly.csv, 0.0,0.3,0.1,0.2,0.3,0.0
cupy_monthly.csv, 0.333,0.267,0.4,0.0,0.333,0.2
curriculum_monthly.csv, 0.143,0.143,0.143,0.143,0.286,0.0
cyclone_monthly.csv, 1.0,1.0,0.0,1.0,0.0,0.0
cypress_monthly.csv, 0.095,0.333,0.19,0.048,0.286,0.095
dafny_monthly.csv, 0.125,0.25,0.125,0.375,0.125,0.0
daggerfall-unity_monthly.csv, 0.429,0.143,0.286,0.143,0.429,0.143
danger-js_monthly.csv, 0.2,0.2,0.2,0.2,0.2,0.0
dart-lang-sdk_monthly.csv, 0.061,0.182,0.076,0.076,0.061,0.045
dash-to-panel_monthly.csv, 0.125,0.25,0.0,0.125,0.375,0.0
dash_monthly.csv, 0.182,0.545,0.273,0.182,0.091,0.091
dashboard_monthly.csv, 0.1,0.1,0.0,0.1,0.1,0.0
dask_monthly.csv, 0.333,0.333,0.381,0.333,0.381,0.333
datadog-agent_monthly.csv, 0.22,0.5,0.28,0.16,0.14,0.18
datahub_monthly.csv, 0.125,0.125,0.25,0.125,0.375,0.0
datashader_monthly.csv, 0.167,0.333,0.0,0.0,0.167,0.0
dbatools_monthly.csv, 0.111,0.056,0.111,0.167,0.333,0.278
dbeaver_monthly.csv, 0.125,0.0,0.125,0.0,0.125,0.0
dbt_monthly.csv, 0.333,0.333,0.167,0.083,0.083,0.083
decaffeinate_monthly.csv, 0.0,0.0,0.5,0.0,0.5,0.0
decidim_monthly.csv, 0.0,0.182,0.0,0.091,0.364,0.273
deck.gl_monthly.csv, 0.111,0.0,0.333,0.0,0.444,0.111
deepchem_monthly.csv, 0.111,0.111,0.0,0.111,0.444,0.111
deepdetect_monthly.csv, 0.0,0.0,0.5,0.5,0.0,0.0
demo_monthly.csv, 1.0,2.0,0.0,1.0,1.0,1.0
dep_monthly.csv, 1.0,3.0,0.0,1.0,0.0,0.0
desktop-desktop_monthly.csv, 0.714,1.143,0.714,0.571,0.571,0.714
detekt_monthly.csv, 0.167,0.167,0.083,0.167,0.417,0.167
dev.to_monthly.csv, 0.045,0.159,0.114,0.295,0.068,0.023
devhubapp-devhub_monthly.csv, 0.0,1.0,0.0,0.0,0.0,0.0
devilbox_monthly.csv, 0.0,0.0,0.0,0.0,0.0,0.0
dex_monthly.csv, 0.5,1.5,0.0,0.0,0.0,0.0
dgraph_monthly.csv, 0.045,0.5,0.136,0.0,0.227,0.0
dherault-serverless-offline_monthly.csv, 0.0,0.125,0.0,0.125,0.0,0.0
diesel_monthly.csv, 0.0,1.0,0.333,0.333,0.0,0.0
differential-dataflow_monthly.csv, 0.0,0.0,0.0,0.0,0.0,0.0
digdag_monthly.csv, 0.0,0.5,0.0,0.25,0.25,0.0
discord.py_monthly.csv, 0.176,0.353,0.118,2.353,0.176,0.059
discordjs-discord.js_monthly.csv, 0.286,0.429,0.286,0.071,0.143,0.143
distributed_monthly.csv, 0.4,0.4,0.333,0.4,0.4,0.333
django-DefectDojo_monthly.csv, 0.571,0.214,0.571,0.357,0.714,0.357
dkron_monthly.csv, 0.0,0.0,0.0,0.0,0.0,0.0
dnSpy_monthly.csv, 0.0,0.0,0.0,0.0,0.0,0.0
docker.github.io_monthly.csv, 0.5,1.65,0.45,0.2,1.6,0.65
docksal_monthly.csv, 1.0,3.0,1.0,1.0,1.0,1.0
docsifyjs-docsify_monthly.csv, 0.143,0.143,0.143,0.0,0.143,0.0
doctl_monthly.csv, 0.0,3.0,0.0,0.0,0.0,0.0
docx_monthly.csv, 0.0,0.25,0.5,0.5,0.5,0.5
domoticz_monthly.csv, 0.0,0.308,0.077,0.154,0.308,0.0
donkeycar_monthly.csv, 0.2,0.0,0.0,0.0,0.2,0.0
dotnet-docfx_monthly.csv, 1.25,1.5,1.75,1.0,1.0,0.75
dotnet-ef6_monthly.csv, 2.0,1.0,0.0,0.0,0.0,0.0
dotnet-fsharp_monthly.csv, 0.154,0.154,0.308,0.231,0.154,0.154
dotnet-roslyn-analyzers_monthly.csv, 0.167,0.333,0.222,0.0,0.389,0.111
dotnet-sdk_monthly.csv, 0.036,0.179,0.107,0.357,0.071,0.036
dotnet-standard_monthly.csv, 3.0,4.0,0.0,0.0,0.0,0.0
dotnet-templating_monthly.csv, 0.4,0.4,0.3,0.2,0.1,0.1
dradis-ce_monthly.csv, 0.5,0.333,0.5,0.333,0.5,0.167
drawio_monthly.csv, 0.25,0.0,0.0,0.0,0.0,0.0
dune_monthly.csv, 0.125,0.312,0.062,0.25,0.125,0.0
eShopOnContainers_monthly.csv, 0.188,0.438,0.25,0.0,0.188,0.0
echo_monthly.csv, 0.0,0.0,0.25,0.25,0.25,0.0
eclair_monthly.csv, 0.0,0.333,0.333,0.0,0.333,0.0
eclipse-collections_monthly.csv, 0.0,0.111,0.0,0.111,0.222,0.0
editor_monthly.csv, 0.0,1.0,0.0,0.0,0.0,0.0
eigen_monthly.csv, 0.12,0.48,0.12,0.08,0.2,0.12
electricitymap-contrib_monthly.csv, 0.5,0.667,0.667,0.5,0.5,0.167
electrode_monthly.csv, 0.667,0.667,0.667,0.0,0.333,0.667
electron-forge_monthly.csv, 0.167,0.333,0.167,0.0,0.167,0.0
electron-userland-electron-builder_monthly.csv, 0.083,0.167,0.167,0.083,0.167,0.083
elementor_monthly.csv, 0.412,0.471,0.412,0.412,0.529,0.412
elements_monthly.csv, 0.0,13.0,0.5,0.0,0.0,0.0
elixirschool_monthly.csv, 1.0,2.0,0.25,1.0,0.75,0.0
emacs-doom-themes_monthly.csv, 0.0,0.0,0.0,0.0,0.333,0.0
embark_monthly.csv, 0.5,0.5,1.5,0.0,1.0,1.5
ember-cli-mirage_monthly.csv, 0.25,0.0,0.25,0.0,0.25,0.0
embox_monthly.csv, 0.0,0.0,0.0,0.0,0.167,0.0
emeryberger-CSrankings_monthly.csv, 0.375,0.188,0.125,0.125,0.062,0.0
en-marche.fr_monthly.csv, 0.125,0.125,0.125,0.125,0.5,0.0
endless-sky_monthly.csv, 0.125,0.312,0.0,0.125,0.062,0.0
engine_monthly.csv, 0.3,0.2,0.3,0.3,0.4,0.1
enqueue-dev_monthly.csv, 0.333,0.333,0.0,0.333,0.0,0.0
envoyproxy-envoy_monthly.csv, 0.154,0.429,0.077,0.088,0.22,0.077
enzyme_monthly.csv, 0.0,2.5,0.0,0.5,0.0,0.0
equalsverifier_monthly.csv, 0.25,0.5,0.5,0.25,0.25,0.25
erxes_monthly.csv, 0.125,0.25,0.25,0.062,0.312,0.125
espressif-esp-idf_monthly.csv, 0.875,0.792,1.0,0.417,1.333,1.0
etcher_monthly.csv, 0.333,0.333,0.333,0.0,0.333,0.0
ethereumbook-ethereumbook_monthly.csv, 0.0,0.5,0.25,0.5,0.0,0.0
expecto_monthly.csv, 0.5,0.5,0.0,0.0,0.0,0.0
explorer_monthly.csv, 0.333,0.0,0.0,0.0,0.0,0.0
expo_monthly.csv, 0.312,0.062,0.0,0.344,0.125,0.0
extensions_monthly.csv, 0.429,1.571,0.429,0.0,0.429,0.429
f4exb-sdrangel_monthly.csv, 0.25,0.0,0.0,0.0,0.0,0.0
faas_monthly.csv, 1.0,3.0,0.0,0.5,0.0,0.0
fabric8io-kubernetes-client_monthly.csv, 0.0,0.154,0.0,0.154,0.0,0.0
facebook-fresco_monthly.csv, 0.0,0.091,0.182,0.091,0.091,0.0
facebook-idb_monthly.csv, 0.333,0.167,0.5,0.167,0.667,0.167
falco_monthly.csv, 0.125,0.25,0.125,0.25,0.125,0.0
falcon_monthly.csv, 0.5,0.0,0.5,37.0,0.5,0.0
fathom_monthly.csv, 0.0,0.5,0.0,0.0,0.0,0.0
faust_monthly.csv, 0.25,0.25,0.5,0.25,0.25,0.25
fela_monthly.csv, 0.25,0.0,0.0,0.25,0.0,0.0
filipw-dotnet-script_monthly.csv, 0.0,0.0,0.0,0.0,0.0,0.0
firejail_monthly.csv, 0.0,0.077,0.077,0.077,0.154,0.0
firekylin-firekylin_monthly.csv, 0.0,0.0,0.0,0.0,0.0,0.0
fission_monthly.csv, 0.333,0.667,0.0,0.0,0.0,0.0
flatpak_monthly.csv, 0.3,0.3,0.3,0.1,0.2,0.0
flatpickr_monthly.csv, 1.0,3.0,1.0,0.0,0.0,0.0
fleet_monthly.csv, 0.0,0.2,0.0,0.2,0.0,0.0
flix_monthly.csv, 0.0,0.25,0.0,0.0,0.0,0.0
floccus_monthly.csv, 0.0,0.333,0.0,0.0,0.0,0.0
flow-typed_monthly.csv, 0.25,4.25,0.5,0.5,0.5,0.25
flowable-engine_monthly.csv, 0.375,0.5,0.25,0.0,0.25,0.0
flowblade_monthly.csv, 0.0,0.0,0.0,0.0,0.5,0.5
fluent-bit_monthly.csv, 0.0,0.091,0.091,0.091,0.0,0.0
fluentui_monthly.csv, 0.04,0.12,0.02,0.02,0.06,0.02
flutter-intellij_monthly.csv, 0.667,0.667,0.667,0.667,0.667,0.333
flux_monthly.csv, 0.25,0.083,0.167,0.167,0.0,0.0
focus-android_monthly.csv, 0.0,2.0,2.0,0.0,0.0,0.0
fonts_monthly.csv, 0.25,0.5,0.0,0.125,0.0,0.0
formio-formio_monthly.csv, 0.5,0.25,0.25,0.0,0.25,0.0
formio.js_monthly.csv, 0.2,0.333,0.333,0.4,0.0,0.0
fossasia-open-event-attendee-android_monthly.csv, 0.0,0.0,0.0,0.0,0.0,0.0
fossasia-open-event-organizer-android_monthly.csv, 0.0,1.0,1.0,0.0,0.0,0.0
fossasia-open-event-wsgen_monthly.csv, 0.0,1.0,1.0,0.0,0.0,0.0
fossasia-susi_android_monthly.csv, 0.0,4.0,0.0,1.0,1.0,0.0
framework_monthly.csv, 0.5,0.25,0.0,0.25,0.5,0.0
freeorion_monthly.csv, 0.5,0.375,0.5,0.25,0.25,0.625
frontend_monthly.csv, 0.0,0.176,0.059,0.118,0.118,0.0
frr_monthly.csv, 0.0,0.162,0.027,0.135,0.054,0.027
fuse-box_monthly.csv, 1.0,5.0,0.0,1.0,0.0,0.0
futures-rs_monthly.csv, 2.0,7.0,1.0,0.0,1.0,1.0
fwupd_monthly.csv, 0.4,0.4,0.3,0.3,0.3,0.2
galaxy_monthly.csv, 0.053,0.368,0.105,0.053,0.158,0.053
ganttproject_monthly.csv, 1.0,0.0,0.0,0.0,0.0,0.0
gatsby-starter-lumen_monthly.csv, 0.333,0.333,0.0,0.0,0.0,0.0
ghdl_monthly.csv, 0.167,0.167,0.0,0.0,0.0,0.0
gitea_monthly.csv, 0.316,0.421,0.211,0.053,0.316,0.158
github-VisualStudio_monthly.csv, 0.0,4.0,0.0,1.0,1.0,0.0
github_monthly.csv, 0.0,1.5,0.0,0.0,0.0,0.0
gitify_monthly.csv, 0.0,0.0,0.0,0.0,0.0,0.0
glimmer-vm_monthly.csv, 0.5,0.5,0.25,0.25,0.25,0.0
glpi-project-glpi_monthly.csv, 0.125,0.25,0.25,0.125,0.0,0.0
gluon_monthly.csv, 0.2,0.2,0.0,0.2,0.2,0.0
go-libp2p_monthly.csv, 0.2,0.2,0.0,0.0,0.2,0.0
go-micro_monthly.csv, 0.0,0.455,0.182,0.091,0.091,0.091
go_monthly.csv, 0.0,0.25,0.0,0.125,0.25,0.0
gocryptfs_monthly.csv, 0.0,0.0,0.0,0.0,0.0,0.0
golem_monthly.csv, 10.0,12.0,16.0,6.0,11.0,14.0
gomplate_monthly.csv, 0.0,0.0,0.0,0.0,0.333,0.0
google-api-dotnet-client_monthly.csv, 0.333,0.0,0.333,0.333,0.333,0.0
google-cloud-php_monthly.csv, 0.167,0.167,0.167,0.0,0.333,0.0
googletest_monthly.csv, 0.429,0.286,0.143,0.143,0.143,0.0
gophercloud_monthly.csv, 0.2,0.4,0.0,0.2,0.0,0.0
goreleaser_monthly.csv, 0.0,0.125,0.25,0.0,0.0,0.0
gpdb_monthly.csv, 0.241,0.69,0.276,0.276,0.069,0.069
gpiozero_monthly.csv, 0.0,0.0,0.0,0.0,0.0,0.0
gpu.js_monthly.csv, 0.0,0.0,0.0,0.0,0.0,0.0
graal_monthly.csv, 0.07,0.158,0.053,0.018,0.123,0.035
grafana-zabbix_monthly.csv, 0.0,0.0,0.0,0.0,0.0,0.0
grakn_monthly.csv, 0.25,0.0,0.5,0.25,0.5,0.125
grandnode_monthly.csv, 0.0,0.2,0.2,0.0,0.0,0.0
grapesjs_monthly.csv, 0.286,0.429,0.0,0.0,0.286,0.0
graphiql_monthly.csv, 0.333,0.333,0.0,0.333,0.333,0.0
graphql-code-generator_monthly.csv, 0.286,0.5,0.286,0.107,0.25,0.25
graphql-java_monthly.csv, 0.143,0.143,0.143,0.286,0.0,0.0
graphql-js_monthly.csv, 0.0,0.667,0.0,0.0,0.333,0.0
graphql-ruby_monthly.csv, 0.071,0.0,0.071,0.214,0.071,0.0
gravitational-teleport_monthly.csv, 0.0,0.182,0.091,0.091,0.182,0.091
greta_monthly.csv, 1.0,0.0,1.0,0.0,1.0,0.0
grin_monthly.csv, 0.2,0.6,0.2,0.2,0.2,0.0
grommet_monthly.csv, 0.071,0.214,0.143,0.214,0.143,0.0
groue-GRDB.swift_monthly.csv, 0.0,1.0,0.0,0.0,0.0,0.0
grpc-swift_monthly.csv, 0.25,0.25,0.25,0.25,0.25,0.25
gtk_monthly.csv, 1.0,2.0,1.0,1.0,1.0,0.0
h2database_monthly.csv, 1.0,1.0,0.667,0.333,0.667,0.667
habitat_monthly.csv, 0.714,1.571,0.429,0.571,0.429,0.0
hackclub_monthly.csv, 0.0,1.0,0.0,0.0,0.0,0.0
hacl-star_monthly.csv, 1.0,1.333,0.833,0.667,0.833,0.333
harbor_monthly.csv, 0.0,0.0,0.105,0.0,0.158,0.053
hashcat-hashcat_monthly.csv, 0.167,0.167,0.167,0.0,0.167,0.333
hashi-ui_monthly.csv, 0.5,0.0,0.0,0.0,0.0,0.0
hashlink_monthly.csv, 0.0,1.0,1.0,0.0,0.0,0.0
haskell-ide-engine_monthly.csv, 0.0,2.0,2.0,0.0,0.0,0.0
hazelcast-jet_monthly.csv, 0.125,0.125,0.0,0.375,0.0,0.0
healthchecks_monthly.csv, 0.333,0.333,0.333,0.0,0.333,0.333
heketi_monthly.csv, 1.0,2.0,1.0,1.0,1.0,1.0
helm-charts_monthly.csv, 0.79,0.968,0.468,0.161,0.387,1.081
helm-helm_monthly.csv, 0.294,0.118,0.176,0.059,0.0,0.059
helpy_monthly.csv, 0.5,0.5,0.0,0.0,0.0,0.0
hexo-theme-tranquilpeak_monthly.csv, 2.0,2.0,0.0,0.0,0.0,0.0
hls.js_monthly.csv, 0.857,0.571,0.0,0.286,0.143,0.143
hoverboard_monthly.csv, 0.5,0.5,0.0,0.0,0.0,0.0
hoverfly_monthly.csv, 0.0,1.0,0.0,0.0,0.0,0.0
htmlburger-carbon-fields_monthly.csv, 0.333,0.0,0.333,0.0,0.667,0.333
hug_monthly.csv, 0.0,1.0,0.0,0.0,0.0,0.0
hyperledger-burrow_monthly.csv, 0.0,0.0,0.333,0.333,0.0,0.0
hypervisor_monthly.csv, 1.0,1.0,0.0,0.0,0.0,0.0
i3_monthly.csv, 3.0,4.0,2.0,0.0,2.0,1.0
ibis_monthly.csv, 0.0,0.2,0.2,0.0,0.2,0.2
icestudio_monthly.csv, 0.5,0.0,0.5,0.5,0.5,0.0
ignite-ui_monthly.csv, 0.0,3.0,0.0,0.5,0.0,0.0
ignition_monthly.csv, 0.111,0.222,0.444,0.333,0.444,0.222
imgaug_monthly.csv, 0.0,0.0,0.0,0.0,0.0,0.0
incubator-heron_monthly.csv, 0.333,1.667,0.0,0.0,0.0,0.0
incubator-mxnet_monthly.csv, 0.179,0.679,0.071,0.25,0.179,0.071
incubator-tvm_monthly.csv, 0.246,0.431,0.154,0.046,0.031,0.123
infer_monthly.csv, 0.0,0.091,0.182,0.0,0.182,0.0
inferno_monthly.csv, 0.0,2.0,0.0,1.0,0.0,0.0
ink_monthly.csv, 0.0,0.0,0.0,0.333,0.0,0.0
insomnia_monthly.csv, 0.357,0.571,0.357,0.143,0.357,0.286
inspec_monthly.csv, 0.0,0.333,0.111,0.111,0.0,0.0
instagram-private-api_monthly.csv, 0.0,1.0,0.0,0.0,0.0,0.0
installer_monthly.csv, 1.0,2.0,1.0,0.0,1.0,0.0
instantsearch.js_monthly.csv, 0.333,1.0,0.333,0.667,0.0,0.0
intellij-rust_monthly.csv, 0.0,0.0,0.0,0.167,0.0,0.0
ionic-conference-app_monthly.csv, 0.0,0.5,0.5,0.0,0.5,0.5
ionic-native_monthly.csv, 0.111,0.056,0.056,0.167,0.056,0.0
ios-oss_monthly.csv, 1.0,2.0,0.0,0.0,0.0,0.0
ipfs-cluster_monthly.csv, 0.5,0.5,0.0,0.5,0.0,0.0
ipfs-companion_monthly.csv, 1.0,1.0,0.0,0.0,0.0,0.0
ipfs-desktop_monthly.csv, 0.0,0.0,0.0,0.333,0.0,0.0
ipywidgets_monthly.csv, 0.333,0.167,0.0,0.167,0.333,0.0
iri_monthly.csv, 0.0,1.5,0.5,0.5,0.5,0.0
iris_monthly.csv, 0.5,0.5,0.5,0.0,0.0,0.0
its_monthly.csv, 0.0,0.0,0.0,0.0,0.0,0.0
jaeger_monthly.csv, 0.133,0.267,0.133,0.0,0.2,0.067
janusgraph_monthly.csv, 0.0,0.75,0.0,0.25,0.0,0.0
javamelody_monthly.csv, 0.0,0.0,0.0,0.0,0.0,0.0
javascript-obfuscator-javascript-obfuscator_monthly.csv, 0.0,0.0,0.0,0.0,0.0,0.0
jekyll-admin_monthly.csv, 0.5,0.0,0.5,0.0,0.5,0.0
jerryscript_monthly.csv, 0.0,0.0,0.182,0.0,0.091,0.0
joker_monthly.csv, 0.0,0.0,0.0,0.0,0.0,0.0
js-primer_monthly.csv, 0.143,0.286,0.286,0.143,0.143,0.143
jsweet_monthly.csv, 0.25,0.5,0.25,0.25,0.5,0.25
junit5_monthly.csv, 0.1,0.2,0.2,0.1,0.2,0.2
jupyterlab_monthly.csv, 0.238,0.095,0.143,0.095,0.048,0.0
justcoding121-Titanium-Web-Proxy_monthly.csv, 0.25,0.25,0.25,0.25,0.25,0.5
k6_monthly.csv, 0.125,0.25,0.125,0.25,0.0,0.0
kaldi-asr-kaldi_monthly.csv, 0.0,0.333,0.067,0.133,0.333,0.0
kaliber5-ember-bootstrap_monthly.csv, 0.333,0.167,0.333,0.167,0.333,0.0
kapacitor_monthly.csv, 0.0,2.0,1.0,0.0,1.0,2.0
katana-swift_monthly.csv, 0.5,0.0,0.5,0.5,0.5,0.0
keepassxc_monthly.csv, 0.333,0.833,0.333,0.0,0.167,0.167
keeweb-keeweb_monthly.csv, 0.0,0.0,0.0,0.0,0.0,0.0
keytransparency_monthly.csv, 1.0,1.0,0.0,0.0,0.0,0.0
kinto_monthly.csv, 1.5,2.5,1.0,0.5,1.0,0.5
kit_monthly.csv, 0.333,0.667,0.333,0.0,0.0,0.0
kitty_monthly.csv, 0.0,0.333,0.333,0.167,0.167,0.333
klipper_monthly.csv, 0.062,0.375,0.062,0.25,0.188,0.0
koel_monthly.csv, 0.0,1.0,0.0,0.0,0.0,0.0
konvajs-konva_monthly.csv, 0.5,0.0,0.0,0.5,0.0,0.0
kotest_monthly.csv, 0.0,0.273,0.091,0.182,0.0,0.0
kotlin-native_monthly.csv, 0.25,0.417,0.333,0.25,0.0,0.083
kotlinx.coroutines_monthly.csv, 0.143,0.0,0.286,0.0,0.429,0.143
krausest-js-framework-benchmark_monthly.csv, 0.0,0.167,0.333,0.167,0.5,0.167
ksql_monthly.csv, 0.0,0.095,0.048,0.048,0.238,0.0
ktor_monthly.csv, 0.2,0.2,0.0,0.4,0.0,0.2
kubeless_monthly.csv, 1.0,2.0,0.0,0.0,0.0,0.0
kubernetes-client-go_monthly.csv, 1.0,1.571,0.286,0.143,0.429,0.143
kubernetes-community_monthly.csv, 0.258,0.548,0.29,0.226,0.226,0.129
kubernetes-enhancements_monthly.csv, 0.727,0.727,0.909,0.0,1.182,0.182
kubernetes-ingress-nginx_monthly.csv, 0.0,0.357,0.071,0.071,0.143,0.0
kubernetes-kompose_monthly.csv, 0.5,1.0,0.5,1.0,0.5,0.0
kubernetes-kops_monthly.csv, 0.318,0.409,0.182,0.136,0.227,0.136
kubernetes-kube-state-metrics_monthly.csv, 0.6,0.4,0.4,0.2,0.4,0.2
kubernetes-minikube_monthly.csv, 0.0,0.154,0.115,0.154,0.115,0.077
kubernetes-on-aws_monthly.csv, 0.273,0.273,0.182,0.091,0.273,0.182
kubernetes-test-infra_monthly.csv, 0.022,0.29,0.151,0.086,0.054,0.011
kubespray_monthly.csv, 0.086,0.286,0.029,0.086,0.143,0.0
kubevirt_monthly.csv, 0.217,0.043,0.087,0.043,0.304,0.174
kulshekhar-ts-jest_monthly.csv, 0.667,1.0,0.333,0.333,0.333,0.333
kuzzle_monthly.csv, 0.333,0.333,0.333,0.333,0.5,0.0
kythe-kythe_monthly.csv, 0.25,0.25,0.25,0.25,0.167,0.25
lagom_monthly.csv, 0.2,0.6,0.2,0.2,0.2,0.0
lalrpop_monthly.csv, 0.0,0.0,0.0,0.5,0.0,0.0
landscape_monthly.csv, 0.444,0.111,0.333,0.222,0.111,0.111
lanterna_monthly.csv, 0.5,0.5,0.0,0.5,0.0,0.0
laradock-laradock_monthly.csv, 0.4,1.0,0.2,0.2,0.6,0.4
laravel-admin_monthly.csv, 0.0,0.0,0.125,0.25,0.5,0.25
laravel-boilerplate_monthly.csv, 0.0,0.0,0.2,0.0,0.2,0.0
laravel-medialibrary_monthly.csv, 0.143,0.286,0.143,0.143,0.143,0.0
lbry-sdk_monthly.csv, 0.0,1.0,0.0,0.333,0.0,0.0
lemur_monthly.csv, 0.143,0.286,0.143,0.429,0.143,0.143
leptonica_monthly.csv, 0.0,0.0,0.0,0.333,0.0,0.0
lesspass_monthly.csv, 0.0,0.0,0.0,0.0,0.0,0.0
lib-jitsi-meet_monthly.csv, 0.143,0.143,0.286,0.0,0.0,0.0
libc_monthly.csv, 0.25,0.167,0.083,0.083,0.0,0.0
liberapay.com_monthly.csv, 0.294,0.059,0.0,0.118,0.059,0.0
libnetwork_monthly.csv, 1.0,5.0,1.0,0.0,0.0,0.0
libopenshot_monthly.csv, 0.5,0.0,0.0,0.0,0.0,0.0
librealsense_monthly.csv, 0.7,0.8,0.7,0.3,0.6,0.6
libtorrent_monthly.csv, 0.0,0.167,0.167,0.167,0.167,0.0
light-4j_monthly.csv, 0.5,0.0,0.5,0.5,0.5,0.0
lightning_monthly.csv, 0.5,0.125,0.125,0.125,0.5,0.25
likwid_monthly.csv, 0.5,0.25,0.5,0.5,0.5,0.5
linkerd_monthly.csv, 0.0,1.0,0.5,0.0,0.5,0.0
linuxbrew-core_monthly.csv, 0.075,0.08,0.038,0.085,0.146,0.066
linuxkit_monthly.csv, 0.5,1.25,0.25,0.0,0.75,0.0
lisk-sdk_monthly.csv, 0.2,0.4,0.1,0.0,0.0,0.0
llilc_monthly.csv, 0.5,0.5,0.0,0.5,0.0,0.0
lnd_monthly.csv, 0.125,0.25,0.062,0.125,0.062,0.0
lsp-mode_monthly.csv, 0.1,0.467,0.067,0.3,0.233,0.033
luma.gl_monthly.csv, 2.0,3.0,1.0,0.0,2.0,0.0
luminance-rs_monthly.csv, 0.0,0.0,0.5,0.0,0.5,0.5
lvgl_monthly.csv, 0.0,0.308,0.154,0.077,0.385,0.077
m3_monthly.csv, 0.176,0.294,0.235,0.235,0.235,0.118
magenta_monthly.csv, 0.0,1.0,0.0,0.333,0.667,0.0
mail_monthly.csv, 0.125,0.0,0.125,0.125,0.0,0.0
mailcow-dockerized_monthly.csv, 0.0,1.0,0.0,0.25,0.25,0.0
manager_monthly.csv, 0.071,0.214,0.071,0.0,0.0,0.0
mandelbulber2_monthly.csv, 1.0,1.0,0.5,0.5,0.5,0.5
maptalks.js_monthly.csv, 0.0,0.0,0.0,0.0,0.0,0.333
markdown-preview-enhanced_monthly.csv, 0.0,0.0,0.0,0.0,0.0,0.0
marten_monthly.csv, 3.0,4.0,2.0,1.0,1.0,1.0
matchbox_monthly.csv, 0.0,0.0,0.0,0.0,0.0,0.0
materia-theme_monthly.csv, 0.333,0.333,0.0,0.0,0.333,0.0
material-components-android_monthly.csv, 0.067,0.067,0.2,0.067,0.133,0.0
material-components-ios_monthly.csv, 0.222,0.444,0.111,0.111,0.444,0.111
material-components-web_monthly.csv, 0.125,0.125,0.062,0.25,0.312,0.0
material-theme-jetbrains_monthly.csv, 0.0,0.0,0.5,0.5,0.5,0.5
math_monthly.csv, 0.182,0.0,0.091,0.0,0.0,0.0
matrix-js-sdk_monthly.csv, 0.0,0.0,0.125,0.125,0.125,0.125
matterbridge_monthly.csv, 0.25,0.375,0.25,0.125,0.25,0.25
mattermost-desktop_monthly.csv, 2.0,2.0,1.0,0.0,1.0,1.0
mattermost-mobile_monthly.csv, 0.067,0.267,0.067,0.067,0.333,0.333
mattermost-server_monthly.csv, 0.167,0.306,0.111,0.028,0.056,0.028
mavo_monthly.csv, 0.0,0.0,1.0,0.0,1.0,1.0
maxwell_monthly.csv, 1.0,1.0,0.5,0.0,0.5,0.0
mc_monthly.csv, 0.0,0.143,0.143,0.143,0.286,0.0
mdanalysis_monthly.csv, 0.083,0.25,0.083,0.25,0.167,0.0
mesh_monthly.csv, 0.0,0.0,0.0,0.286,0.286,0.143
meshlab_monthly.csv, 0.25,0.25,0.5,0.0,0.25,0.25
meta-balena_monthly.csv, 0.375,0.125,0.375,0.25,0.375,0.25
metamask-extension_monthly.csv, 0.4,0.5,0.3,0.3,0.0,0.1
metrictank_monthly.csv, 0.0,0.0,0.0,0.0,0.2,0.0
metro_monthly.csv, 0.25,0.5,0.125,0.125,0.375,0.0
mfem_monthly.csv, 0.462,0.231,0.615,0.231,0.385,0.231
micro-micro_monthly.csv, 0.143,0.286,0.143,0.0,0.143,0.0
microsoft-BotFramework-Emulator_monthly.csv, 1.0,3.0,1.0,2.0,0.0,1.0
microsoft-BotFramework-WebChat_monthly.csv, 0.143,0.286,0.286,0.0,0.286,0.286
microsoft-ChakraCore_monthly.csv, 3.0,22.0,4.0,3.0,4.0,3.0
mikepenz-FastAdapter_monthly.csv, 0.0,1.0,0.0,0.0,0.0,0.0
mimesis_monthly.csv, 0.5,0.5,0.5,0.0,0.0,0.0
min_monthly.csv, 0.222,0.333,0.333,0.111,0.333,0.444
minio-go_monthly.csv, 0.0,0.143,0.0,0.0,0.286,0.143
mintty-mintty_monthly.csv, 0.0,0.0,0.333,0.0,0.0,0.0
miri_monthly.csv, 0.167,0.167,0.0,0.167,0.167,0.0
misskey_monthly.csv, 0.1,0.2,0.2,0.2,0.3,0.0
mitogen_monthly.csv, 1.0,0.0,0.0,0.0,0.0,0.0
mjml_monthly.csv, 0.0,0.2,0.2,0.2,0.0,0.0
mkdocs-material_monthly.csv, 0.0,0.0,0.0,0.167,0.0,0.0
mlsql_monthly.csv, 0.0,1.0,0.0,0.0,1.0,1.0
mobile_monthly.csv, 0.25,0.25,0.25,0.25,0.25,0.25
mobx-state-tree_monthly.csv, 1.0,1.5,0.5,0.5,0.0,0.0
molecule_monthly.csv, 0.143,0.0,0.0,0.143,0.0,0.0
monero-gui_monthly.csv, 0.25,0.75,0.0,0.25,0.0,0.0
monkey_monthly.csv, 0.0,0.167,0.333,0.5,0.5,0.0
movim_monthly.csv, 0.0,0.0,0.0,0.0,0.0,0.0
msbuild_monthly.csv, 0.348,0.391,0.261,0.217,0.348,0.217
mssql-jdbc_monthly.csv, 0.333,0.667,0.333,0.0,0.333,0.0
musikcube_monthly.csv, 0.0,0.0,1.0,0.0,0.0,0.0
mybatis-plus_monthly.csv, 0.5,0.75,0.75,0.5,0.75,0.75
mycroft-core_monthly.csv, 0.167,0.5,0.167,0.0,0.167,0.0
n1nj4sec-pupy_monthly.csv, 0.0,1.0,0.0,0.0,1.0,0.0
nDPI_monthly.csv, 0.286,0.143,0.286,0.143,0.429,0.143
napalm_monthly.csv, 0.167,0.0,0.167,0.0,0.0,0.0
nativescript-plugin-firebase_monthly.csv, 0.0,1.0,0.0,0.0,0.0,1.0
nats-streaming-server_monthly.csv, 0.0,0.0,0.5,0.5,0.5,0.5
neo4j-apoc-procedures_monthly.csv, 0.5,0.25,0.25,0.25,0.5,0.5
neofetch_monthly.csv, 1.0,2.0,0.5,0.5,0.5,0.0
neomutt_monthly.csv, 0.0,0.091,0.091,0.091,0.091,0.091
netbox_monthly.csv, 0.2,0.4,0.0,0.2,0.4,0.2
netlify-cms_monthly.csv, 0.0,0.176,0.176,0.059,0.176,0.0
netmap_monthly.csv, 0.0,0.0,0.0,0.0,0.0,0.0
ng-bootstrap_monthly.csv, 0.167,0.167,0.333,0.0,0.333,0.0
ng-dynamic-forms_monthly.csv, 0.0,0.0,0.0,0.0,0.0,0.0
nginx-ultimate-bad-bot-blocker_monthly.csv, 0.0,0.333,0.0,0.0,0.0,0.0
ngx-bootstrap_monthly.csv, 0.0,0.4,0.2,0.0,0.4,0.0
ngx-charts_monthly.csv, 2.0,2.0,0.0,0.0,0.0,0.0
ngx-datatable_monthly.csv, 1.0,1.0,0.0,0.0,0.0,0.0
ngx-formly_monthly.csv, 0.5,0.5,0.5,0.5,0.5,0.0
ngx-ui_monthly.csv, 0.167,0.333,0.0,0.167,0.0,0.0
nng_monthly.csv, 0.0,0.0,0.0,0.0,0.0,0.0
nodatime_monthly.csv, 0.0,0.0,0.0,0.0,0.0,0.0
node-red-dashboard_monthly.csv, 0.5,0.0,0.0,0.0,0.0,0.0
nomad_monthly.csv, 0.312,0.25,0.125,0.094,0.125,0.0
noms_monthly.csv, 0.0,1.0,0.0,0.0,0.0,0.0
notary_monthly.csv, 0.0,2.0,0.0,0.0,0.0,0.0
notebook_monthly.csv, 0.429,0.857,0.571,0.0,0.714,0.143
notepad-plus-plus_monthly.csv, 2.333,3.0,3.333,1.667,4.0,2.333
now_monthly.csv, 0.059,0.235,0.176,0.0,0.176,0.059
nteract_monthly.csv, 0.4,0.8,0.2,0.4,1.0,0.0
ntop-PF_RING_monthly.csv, 0.167,0.167,0.167,0.0,0.167,0.167
ntopng_monthly.csv, 0.0,0.0,0.143,0.143,0.0,0.0
nuclear_monthly.csv, 0.2,0.4,0.2,0.0,0.0,0.6
nuwave-lighthouse_monthly.csv, 0.091,0.273,0.182,0.091,0.182,0.091
nvda_monthly.csv, 0.1,0.0,0.1,0.0,0.0,0.0
objection.js_monthly.csv, 0.0,0.333,0.0,0.333,0.333,0.0
obyte-gui-wallet_monthly.csv, 0.0,0.0,0.2,0.0,0.2,0.0
ocaml-multicore_monthly.csv, 1.5,4.75,0.25,0.0,0.5,0.25
octobox_monthly.csv, 0.0,1.5,0.0,0.0,0.0,0.0
ogre_monthly.csv, 0.5,1.5,0.5,0.5,0.5,0.0
ohpc_monthly.csv, 0.333,0.667,0.0,0.0,0.0,0.0
oil_monthly.csv, 0.4,0.2,0.2,0.0,0.4,0.4
oio-sds_monthly.csv, 0.667,0.667,0.667,0.333,0.667,0.333
okbuck_monthly.csv, 0.0,0.0,0.25,0.5,0.5,0.25
omi_monthly.csv, 0.333,0.333,0.333,0.333,0.333,0.0
omim_monthly.csv, 0.071,0.429,0.071,0.071,0.143,0.0
omnisharp-vscode_monthly.csv, 0.0,0.222,0.0,0.111,0.0,0.0
omr_monthly.csv, 0.261,0.348,0.304,0.261,0.348,0.174
oneDNN_monthly.csv, 0.133,0.133,0.067,0.467,0.067,0.0
oniguruma_monthly.csv, 0.0,1.0,0.0,0.0,0.0,0.0
opa_monthly.csv, 0.143,0.0,0.429,0.286,0.0,0.0
open-event-server_monthly.csv, 0.0,0.6,0.0,0.0,0.0,0.0
open-zwave_monthly.csv, 0.5,0.375,0.625,0.25,0.5,0.25
openCypher_monthly.csv, 0.0,0.5,0.0,0.0,0.0,0.0
openapi-directory_monthly.csv, 0.5,0.0,0.5,0.0,0.5,0.0
openbazaar-go_monthly.csv, 2.0,4.0,1.0,0.0,2.0,2.0
openebs_monthly.csv, 0.667,1.667,1.0,1.0,1.0,1.0
openethereum_monthly.csv, 2.667,4.333,1.667,1.0,0.333,1.0
openfoodfacts-androidapp_monthly.csv, 0.375,0.375,0.125,0.125,0.625,0.25
opengapps_monthly.csv, 0.167,0.167,0.0,1.667,0.333,0.0
openkore_monthly.csv, 2.0,6.0,3.0,0.0,1.0,2.0
openlauncher_monthly.csv, 0.0,0.25,0.0,0.5,0.0,0.0
openmct_monthly.csv, 0.143,0.0,0.0,0.143,0.143,0.0
openmediavault_monthly.csv, 0.333,0.0,0.0,0.333,0.333,0.0
openrazer_monthly.csv, 1.0,1.0,1.0,1.0,0.0,0.0
openshot-qt_monthly.csv, 0.0,0.0,0.0,0.0,0.0,0.0
openthread_monthly.csv, 0.15,0.15,0.15,0.05,0.05,0.05
opentoonz_monthly.csv, 0.75,0.5,0.75,0.0,0.5,0.5
oppia_monthly.csv, 0.189,0.297,0.162,0.135,0.27,0.108
oragono_monthly.csv, 0.0,0.0,0.0,0.0,0.0,0.0
orbit-db_monthly.csv, 0.0,0.0,0.0,0.333,0.333,0.333
orbtk_monthly.csv, 0.25,0.0,0.25,0.0,0.0,0.0
orchestrator_monthly.csv, 0.667,0.333,0.333,0.0,0.333,0.0
ory-hydra_monthly.csv, 0.308,0.385,0.231,0.077,0.154,0.077
osqp_monthly.csv, 0.0,0.0,0.0,0.0,0.0,0.0
oss-fuzz_monthly.csv, 0.128,0.362,0.064,0.043,0.128,0.064
outline_monthly.csv, 0.0,0.25,0.25,0.25,0.25,0.0
owasp-masvs_monthly.csv, 0.2,0.2,0.2,0.4,0.4,0.4
owasp-mstg_monthly.csv, 0.0,0.167,0.167,0.167,0.083,0.0
owid-grapher_monthly.csv, 0.25,0.375,0.25,0.25,0.125,0.125
owl_monthly.csv, 0.0,0.2,0.0,0.0,0.0,0.0
paasta_monthly.csv, 0.0,0.125,0.125,0.188,0.062,0.0
panel_monthly.csv, 0.2,0.2,0.2,0.0,0.0,0.0
papirus-icon-theme_monthly.csv, 1.0,1.0,0.0,0.5,0.5,0.0
parabol_monthly.csv, 0.364,0.545,0.545,0.273,0.545,0.273
parse-server_monthly.csv, 0.167,0.5,0.167,0.167,0.167,0.0
patchwork_monthly.csv, 0.25,0.25,0.25,0.0,0.25,0.0
patroni_monthly.csv, 0.5,0.333,0.333,0.333,0.333,0.333
peachpie_monthly.csv, 0.333,0.667,0.667,0.0,0.667,0.333
peek_monthly.csv, 0.4,0.2,0.2,0.2,0.2,0.0
penrose_monthly.csv, 1.5,1.0,0.5,4.0,0.0,0.0
perfview_monthly.csv, 0.25,0.5,0.5,0.0,0.25,0.5
phan_monthly.csv, 2.0,3.0,1.0,0.0,2.0,1.0
pharo_monthly.csv, 0.095,0.048,0.048,0.095,0.095,0.0
photon_monthly.csv, 0.412,0.294,0.412,0.529,0.529,0.176
phpipam_monthly.csv, 0.0,0.0,0.0,0.0,0.25,0.0
phpstan_monthly.csv, 0.0,0.75,0.25,0.5,0.25,0.25
pilosa_monthly.csv, 0.0,3.0,0.0,0.0,0.0,0.0
piranha.core_monthly.csv, 0.0,0.0,0.0,0.0,0.0,0.0
pixiedust_monthly.csv, 0.5,0.5,0.5,0.0,0.5,0.0
places_monthly.csv, 0.5,0.5,0.5,0.5,0.5,0.0
plaid_monthly.csv, 0.0,0.5,0.5,0.0,0.0,0.0
platform_monthly.csv, 0.0,0.0,0.0,0.25,0.25,0.25
please_monthly.csv, 0.167,0.0,0.0,0.167,0.0,0.0
plotly-plotly.js_monthly.csv, 0.6,0.6,0.4,0.6,0.4,0.2
plyr_monthly.csv, 0.0,0.333,0.0,0.333,0.0,0.0
pnpm_monthly.csv, 0.25,0.25,0.5,0.0,0.0,0.0
poi_monthly.csv, 0.4,0.2,0.0,0.0,0.2,0.0
polyaxon_monthly.csv, 0.4,0.0,0.0,0.8,0.6,0.0
polybar_monthly.csv, 0.5,0.5,0.5,0.5,0.5,0.0
portainer_monthly.csv, 0.0,0.143,0.0,0.143,0.0,0.0
postgraphile_monthly.csv, 0.333,0.333,0.333,0.667,0.333,0.333
pravega_monthly.csv, 0.357,0.286,0.214,0.286,0.214,0.286
premake-core_monthly.csv, 0.0,0.2,0.2,0.0,0.0,0.0
primefaces_monthly.csv, 0.571,0.429,0.429,0.286,0.286,0.0
primeng_monthly.csv, 0.4,1.0,0.4,0.2,0.0,0.0
primereact_monthly.csv, 0.0,0.25,0.25,0.25,0.25,0.0
prisma1_monthly.csv, 1.0,3.0,0.0,1.0,0.0,0.0
privacytools.io_monthly.csv, 0.143,0.0,0.143,0.143,0.143,0.143
probot-probot_monthly.csv, 3.0,4.0,3.0,0.0,6.0,2.0
prometheus-operator_monthly.csv, 0.167,0.167,0.417,0.0,0.25,0.0
psalm_monthly.csv, 0.25,0.571,0.214,0.107,0.179,0.214
psi-probe_monthly.csv, 0.0,0.0,0.0,0.0,0.0,0.0
pulsar_monthly.csv, 0.121,0.394,0.091,0.121,0.061,0.0
pulumi_monthly.csv, 0.2,0.35,0.2,0.1,0.05,0.05
pxt-microbit_monthly.csv, 2.0,3.0,1.0,1.5,2.0,2.0
pxt_monthly.csv, 0.294,0.353,0.353,0.235,0.294,0.176
py-evm_monthly.csv, 0.0,3.0,0.0,0.0,0.0,0.0
pylint_monthly.csv, 4.0,5.0,5.0,0.0,6.0,4.0
pyomo_monthly.csv, 1.75,2.0,1.5,1.0,1.5,1.5
pytest_monthly.csv, 0.182,0.545,0.364,0.091,0.091,0.0
pythainlp_monthly.csv, 0.25,0.25,0.25,0.0,0.25,0.0
python-sdk_monthly.csv, 0.0,0.5,0.0,0.0,0.0,0.0
python-telegram-bot_monthly.csv, 1.0,2.0,1.5,0.0,1.0,1.5
pytype_monthly.csv, 0.333,0.667,0.667,0.333,1.0,0.333
qri_monthly.csv, 0.25,0.25,0.25,0.25,0.25,0.0
quasar_monthly.csv, 0.217,0.478,0.348,0.13,0.13,0.0
quic-go_monthly.csv, 0.0,1.0,0.0,0.0,0.0,0.0
quickstart-ios_monthly.csv, 0.0,0.0,0.167,0.0,0.0,0.0
quill_monthly.csv, 0.333,0.167,0.0,0.167,0.0,0.0
quodlibet_monthly.csv, 0.5,1.0,0.5,1.0,1.5,0.0
quorum_monthly.csv, 0.75,3.5,1.0,0.25,0.5,0.5
ra2_monthly.csv, 0.0,0.0,0.0,0.0,0.0,0.0
raiden_monthly.csv, 0.4,0.6,0.6,0.4,0.6,0.4
rally_monthly.csv, 0.0,0.25,0.0,0.0,0.25,0.0
rasa_monthly.csv, 0.2,0.257,0.086,0.286,0.0,0.0
raspap-webgui_monthly.csv, 0.0,0.0,0.0,0.0,0.0,1.0
rax_monthly.csv, 0.0,0.125,0.125,0.125,0.125,0.0
ray_monthly.csv, 0.169,0.559,0.153,0.0,0.136,0.203
react-admin_monthly.csv, 0.059,0.118,0.353,0.059,0.353,0.235
react-apollo_monthly.csv, 0.0,1.5,0.5,0.0,1.0,0.0
react-cool-starter_monthly.csv, 0.5,0.0,0.5,0.0,0.5,0.0
react-data-grid_monthly.csv, 0.0,0.333,0.667,0.0,0.667,0.333
react-fullstack-graphql_monthly.csv, 0.0,0.0,0.0,0.0,0.0,0.0
react-i18next_monthly.csv, 0.286,0.429,0.286,0.143,0.143,0.0
react-md_monthly.csv, 0.0,0.0,0.0,0.5,0.0,0.0
react-native-calendars_monthly.csv, 0.2,0.0,0.2,0.4,0.2,0.0
react-native-camera_monthly.csv, 0.5,0.75,0.25,0.0,0.25,0.0
react-native-code-push_monthly.csv, 0.0,0.0,0.0,0.0,0.0,0.0
react-native-elements_monthly.csv, 0.0,0.167,0.083,0.167,0.0,0.0
react-native-gifted-chat_monthly.csv, 0.125,0.125,0.0,0.125,0.0,0.0
react-native-navigation_monthly.csv, 0.5,0.625,0.125,0.5,0.125,0.0
react-native-paper_monthly.csv, 0.235,0.353,0.235,0.059,0.176,0.176
react-native-svg_monthly.csv, 2.0,2.0,0.0,2.0,0.0,0.0
react-native-windows_monthly.csv, 0.235,0.294,0.176,0.059,0.0,0.118
react-redux-form_monthly.csv, 0.333,0.0,0.333,0.333,0.333,0.0
react-styleguidist_monthly.csv, 0.0,0.143,0.143,0.0,0.143,0.143
react-table_monthly.csv, 0.077,0.385,0.154,0.077,0.154,0.0
react_on_rails_monthly.csv, 0.0,0.0,0.25,0.25,0.25,0.25
reactor-core_monthly.csv, 0.222,0.222,0.333,0.222,0.333,0.333
reactor-netty_monthly.csv, 0.125,0.125,0.0,0.375,0.25,0.0
realm-js_monthly.csv, 0.5,0.5,0.25,0.25,0.25,0.0
reason_monthly.csv, 0.0,1.5,0.0,0.0,0.5,0.0
rebass_monthly.csv, 1.0,0.0,0.0,0.0,0.0,0.0
recharts_monthly.csv, 0.333,0.667,0.333,0.0,0.0,0.0
redex_monthly.csv, 0.154,0.077,0.154,0.154,0.308,0.077
redoc_monthly.csv, 0.25,0.25,0.0,0.25,0.25,0.0
redom_monthly.csv, 0.0,0.0,0.0,0.0,0.333,0.0
redux-form_monthly.csv, 0.0,1.0,0.5,0.5,0.5,0.0
refined-github_monthly.csv, 0.091,0.091,0.091,0.091,0.455,0.091
reko_monthly.csv, 0.0,0.0,0.0,0.0,0.0,0.0
relay_monthly.csv, 0.0,0.0,0.1,0.0,0.05,0.05
remix-ide_monthly.csv, 3.0,5.0,3.0,2.0,3.0,3.0
remix_monthly.csv, 1.0,1.0,0.0,1.0,0.0,1.0
renovate_monthly.csv, 0.074,0.37,0.074,0.333,0.037,0.037
resharper-unity_monthly.csv, 0.2,0.2,0.6,0.2,0.4,0.2
resilience4j_monthly.csv, 0.143,0.143,0.286,0.143,0.143,0.143
rest-hapi_monthly.csv, 0.5,0.0,0.0,0.0,0.0,0.0
ring_monthly.csv, 3.5,3.5,1.0,1.0,1.5,1.0
riot-android_monthly.csv, 2.0,16.0,1.0,1.0,0.0,0.0
riot-web_monthly.csv, 0.05,0.15,0.05,0.15,0.3,0.0
rls_monthly.csv, 1.0,1.5,0.5,0.0,0.0,0.0
rollup_monthly.csv, 0.2,0.4,0.2,0.0,0.0,0.0
rook_monthly.csv, 0.042,0.25,0.208,0.0,0.042,0.042
roslyn_monthly.csv, 0.054,0.0,0.089,0.036,0.054,0.036
rqalpha_monthly.csv, 1.0,2.0,0.0,1.0,0.0,0.0
rsuite_monthly.csv, 0.2,0.0,0.6,0.2,0.6,0.4
runc_monthly.csv, 0.0,0.2,0.3,0.3,0.0,0.0
runelite_monthly.csv, 0.423,0.154,0.154,0.077,0.192,0.192
rushstack_monthly.csv, 0.077,0.077,0.154,0.154,0.385,0.154
rusoto_monthly.csv, 0.667,0.667,0.333,0.333,0.333,0.0
rust-bindgen_monthly.csv, 0.111,0.111,0.333,0.111,0.222,0.0
rustfmt_monthly.csv, 0.0,0.111,0.222,0.222,0.111,0.0
rustup_monthly.csv, 0.2,0.1,0.0,0.1,0.1,0.0
rxdb_monthly.csv, 0.2,0.2,0.0,0.0,0.0,0.0
s3inlc-hashtopolis_monthly.csv, 0.0,0.0,0.0,0.0,0.0,0.0
samourai-wallet-android_monthly.csv, 2.0,3.0,0.0,0.0,0.0,0.0
san_monthly.csv, 0.0,0.0,0.333,0.0,0.0,0.0
scalafmt_monthly.csv, 0.333,0.167,0.0,0.167,0.0,0.0
scalecube-services_monthly.csv, 0.25,0.75,0.25,0.25,0.0,0.0
scancode-toolkit_monthly.csv, 0.5,0.25,0.25,0.25,0.5,0.0
scapy_monthly.csv, 0.25,0.375,0.25,0.125,0.25,0.125
schemaspy_monthly.csv, 0.0,0.5,0.5,0.0,0.5,0.0
scikit-optimize_monthly.csv, 0.0,0.5,1.0,0.0,0.5,0.5
scio_monthly.csv, 0.111,0.0,0.111,0.0,0.111,0.0
scope_monthly.csv, 1.0,2.5,1.0,1.0,0.5,0.0
scouter_monthly.csv, 0.5,0.5,0.5,0.5,0.5,0.0
scratch-blocks_monthly.csv, 1.0,5.0,1.0,0.0,1.0,1.0
scratch-gui_monthly.csv, 0.5,0.5,0.25,0.25,0.25,0.0
scratch-vm_monthly.csv, 3.0,6.0,1.0,2.0,1.0,0.0
scratch-www_monthly.csv, 0.0,0.111,0.0,0.0,0.222,0.0
serenata-de-amor_monthly.csv, 0.0,2.0,0.0,1.0,1.0,0.0
server_monthly.csv, 0.2,0.28,0.04,0.08,0.04,0.0
service-catalog_monthly.csv, 0.0,2.5,0.5,0.5,0.0,0.0
serving_monthly.csv, 0.273,0.273,0.182,0.273,0.182,0.091
setuptools_monthly.csv, 0.0,0.111,0.111,0.111,0.222,0.111
seurat_monthly.csv, 0.125,0.125,0.0,0.25,0.0,0.0
sf_monthly.csv, 0.0,0.0,0.25,0.0,0.0,0.0
shadow-cljs_monthly.csv, 0.25,0.25,0.0,0.0,0.0,0.0
shap_monthly.csv, 0.0,0.0,0.143,0.143,0.429,0.286
shardingsphere_monthly.csv, 0.326,0.605,0.186,0.047,0.163,0.163
shrine_monthly.csv, 1.0,1.0,0.0,0.0,1.0,0.0
shuup_monthly.csv, 0.167,0.0,0.167,0.167,0.167,0.0
siesta_monthly.csv, 1.0,0.0,0.0,0.0,0.0,0.0
simc_monthly.csv, 0.038,0.154,0.154,0.0,0.192,0.0
simplenote-electron_monthly.csv, 1.0,0.5,0.5,0.5,0.5,0.5
simplenote-ios_monthly.csv, 0.6,0.6,0.4,0.6,0.6,0.0
simplewall_monthly.csv, 0.25,0.25,0.25,0.0,0.25,0.0
singularity_monthly.csv, 0.0,0.429,0.143,0.286,0.0,0.0
skf-flask_monthly.csv, 0.0,0.5,0.5,0.5,0.5,0.0
skipper_monthly.csv, 0.111,0.222,0.0,0.222,0.111,0.111
skopeo_monthly.csv, 0.333,0.167,0.333,0.333,0.167,0.167
skydive_monthly.csv, 0.5,1.5,0.5,0.5,0.0,0.5
skywalking_monthly.csv, 0.2,0.433,0.2,0.133,0.233,0.0
slate_monthly.csv, 0.0,0.2,0.0,0.0,0.0,0.1
sled_monthly.csv, 0.333,0.0,0.0,0.0,0.0,0.0
snapcast_monthly.csv, 0.0,0.5,0.0,0.0,0.0,0.0
snappydata_monthly.csv, 0.5,4.5,0.0,1.5,0.0,0.0
snorkel_monthly.csv, 0.0,2.0,0.0,0.0,0.0,0.0
snyk-snyk_monthly.csv, 0.167,0.458,0.042,0.042,0.333,0.125
solidity_monthly.csv, 0.143,0.143,0.214,0.0,0.214,0.214
solidus_monthly.csv, 0.1,0.5,0.1,0.1,0.2,0.0
sourcegraph_monthly.csv, 0.375,0.375,0.55,0.925,0.4,0.1
sp-dev-fx-webparts_monthly.csv, 0.077,0.231,0.462,0.231,0.385,0.077
sparklyr_monthly.csv, 0.333,0.333,0.0,0.0,0.0,0.0
spdk_monthly.csv, 0.24,0.12,0.08,0.28,0.0,0.0
spec_monthly.csv, 0.0,0.167,0.0,0.0,0.0,0.0
spectacle_monthly.csv, 0.0,2.0,1.0,0.0,3.0,0.0
spectrum_monthly.csv, 0.0,3.0,1.0,0.0,1.0,0.0
sphinx_monthly.csv, 0.077,0.0,0.077,0.154,0.231,0.0
spotless_monthly.csv, 0.5,0.5,0.417,0.083,0.333,0.333
spreed_monthly.csv, 0.154,0.308,0.231,0.0,0.077,0.0
spring-cloud-dataflow_monthly.csv, 0.125,0.125,0.125,0.125,0.0,0.125
spring-cloud-gateway_monthly.csv, 1.0,1.5,1.0,0.5,1.0,0.5
spring-cloud-sleuth_monthly.csv, 0.25,0.25,0.25,0.25,0.25,0.0
spring-kafka_monthly.csv, 0.0,0.167,0.0,0.167,0.333,0.0
spyder_monthly.csv, 0.222,0.111,0.222,0.111,0.444,0.0
sqlboiler_monthly.csv, 1.0,1.0,0.5,0.5,0.0,0.0
sqldelight_monthly.csv, 0.125,0.25,0.25,0.0,0.125,0.0
squidex_monthly.csv, 0.0,0.0,0.333,2.333,0.0,0.0
srs_monthly.csv, 0.0,0.0,0.0,0.0,0.0,0.0
stack_monthly.csv, 0.0,1.6,0.0,0.4,0.4,0.0
starhackit_monthly.csv, 0.0,0.0,0.0,0.0,0.0,0.0
status-react_monthly.csv, 0.25,0.875,0.125,0.125,0.5,0.25
streama_monthly.csv, 0.0,0.5,0.0,0.0,0.0,0.0
streamlink_monthly.csv, 0.75,1.0,0.5,0.25,0.75,0.5
strimzi-kafka-operator_monthly.csv, 0.143,0.381,0.143,0.143,0.095,0.143
stryker_monthly.csv, 0.143,0.143,0.143,0.0,0.143,0.143
substance_monthly.csv, 0.0,1.0,0.0,0.0,0.0,0.0
survey-library_monthly.csv, 0.222,0.444,0.111,0.111,0.0,0.0
susi.ai_monthly.csv, 1.0,5.0,2.0,1.0,1.0,0.0
sverweij-dependency-cruiser_monthly.csv, 0.0,0.0,0.0,0.0,0.0,0.0
swarmkit_monthly.csv, 0.333,1.667,0.333,0.333,0.333,0.333
sway_monthly.csv, 0.667,1.0,0.333,0.333,0.0,0.0
sweetalert2_monthly.csv, 1.0,1.0,1.0,0.0,1.0,1.0
swift-protobuf_monthly.csv, 0.0,0.0,0.333,0.333,0.0,0.0
swift-sdk_monthly.csv, 0.0,0.0,0.333,0.333,0.333,0.0
swiper_monthly.csv, 1.0,1.5,0.5,1.0,0.5,0.5
systemd_monthly.csv, 0.0,0.073,0.091,0.055,0.218,0.018
syzkaller_monthly.csv, 0.111,0.333,0.0,0.056,0.167,0.056
tModLoader_monthly.csv, 2.0,3.0,2.0,2.0,2.0,1.0
tablesaw_monthly.csv, 0.0,2.0,0.0,1.0,1.0,0.0
tabulator_monthly.csv, 1.0,1.0,1.0,1.0,1.0,1.0
tachiyomi_monthly.csv, 0.0,0.0,0.143,0.143,0.429,0.143
taichi_monthly.csv, 0.294,0.588,0.353,0.176,0.529,0.235
talk_monthly.csv, 0.143,0.286,0.0,0.143,0.143,0.0
tantivy_monthly.csv, 0.0,0.0,0.25,0.0,0.5,0.5
tectonic_monthly.csv, 0.0,0.0,0.0,0.0,0.25,0.25
telegraf_monthly.csv, 0.087,0.087,0.087,0.043,0.217,0.0
tensorlayer_monthly.csv, 0.0,1.5,0.5,0.0,0.5,0.0
tensorpack_monthly.csv, 0.0,0.0,0.0,0.0,0.0,0.0
terminus_monthly.csv, 0.0,0.0,0.0,0.5,0.0,0.0
termux-packages_monthly.csv, 0.182,0.409,0.182,0.045,0.136,0.182
terragrunt_monthly.csv, 0.667,1.0,0.667,0.667,0.0,0.0
terratest_monthly.csv, 0.0,0.167,0.167,0.0,0.0,0.0
terser_monthly.csv, 0.0,0.0,0.25,0.0,0.25,0.0
testcafe_monthly.csv, 0.273,0.273,0.182,0.273,0.091,0.0
textacy_monthly.csv, 1.0,1.0,1.0,0.0,0.0,0.0
tflint_monthly.csv, 0.167,0.167,0.167,0.167,0.0,0.0
thelounge_monthly.csv, 0.25,1.0,0.0,0.25,0.0,0.0
themis_monthly.csv, 0.5,0.25,0.0,0.0,0.0,0.0
thingsboard_monthly.csv, 0.067,0.133,0.133,0.267,0.267,0.0
tikv_monthly.csv, 0.0,0.387,0.032,0.323,0.194,0.0
timgrossmann-InstaPy_monthly.csv, 0.143,0.429,0.0,0.143,0.143,0.143
tmux_monthly.csv, 0.0,0.5,0.0,0.0,0.0,0.0
tock_monthly.csv, 0.0,0.0,0.1,0.1,0.2,0.0
toil_monthly.csv, 0.125,0.25,0.375,0.0,0.375,0.125
tokio_monthly.csv, 0.071,0.0,0.071,0.071,0.071,0.071
torrent_monthly.csv, 0.0,0.0,0.0,0.0,0.0,0.0
tpot_monthly.csv, 0.0,0.5,0.0,0.0,0.0,0.0
trafficcontrol_monthly.csv, 0.083,0.333,0.083,0.25,0.083,0.083
training-data-analyst_monthly.csv, 0.19,0.333,0.143,0.095,0.19,0.238
treemacs_monthly.csv, 0.333,0.333,0.0,0.0,0.0,0.0
trick_monthly.csv, 0.2,0.2,0.4,0.4,0.4,0.2
trillian_monthly.csv, 0.2,0.2,0.2,0.4,0.2,0.0
truffle_monthly.csv, 0.182,0.182,0.0,0.273,0.091,0.0
truffleruby_monthly.csv, 0.111,0.0,0.222,0.111,0.111,0.0
trust-dns_monthly.csv, 0.375,0.5,0.25,0.125,0.5,0.0
tsed_monthly.csv, 0.5,0.5,0.5,0.5,1.0,0.0
ttn_monthly.csv, 0.5,0.0,0.0,0.0,0.0,0.0
tui.chart_monthly.csv, 0.0,0.0,0.0,1.0,0.0,0.0
tui.editor_monthly.csv, 0.0,0.333,0.333,0.0,0.0,0.0
typeorm_monthly.csv, 0.0,0.889,0.222,0.0,0.222,0.111
typeshed_monthly.csv, 0.172,0.0,0.207,0.138,0.31,0.0
u-root_monthly.csv, 0.333,0.0,0.333,0.111,0.111,0.111
u8g2_monthly.csv, 0.0,0.0,0.0,0.0,0.0,0.0
uAssets_monthly.csv, 0.2,0.3,0.1,0.2,0.1,0.0
uTox_monthly.csv, 1.0,0.5,0.0,0.0,0.0,0.0
ungoogled-chromium_monthly.csv, 0.0,0.167,0.167,0.167,0.0,0.0
unicorn_monthly.csv, 0.0,2.0,0.0,0.0,0.0,0.0
uniforms_monthly.csv, 0.0,0.0,0.333,0.333,0.0,0.0
unison_monthly.csv, 0.625,0.5,0.5,0.5,0.25,0.375
unity-sdk_monthly.csv, 0.5,0.0,0.5,0.5,0.5,0.5
unitystation_monthly.csv, 0.405,0.676,0.243,0.135,0.135,0.027
universal_monthly.csv, 0.2,0.2,0.2,0.2,0.2,0.2
urh_monthly.csv, 0.5,0.5,0.5,0.5,0.5,0.0
uswds_monthly.csv, 0.2,0.2,0.2,0.2,0.2,0.0
v1s1t0r1sh3r3-airgeddon_monthly.csv, 0.222,0.222,0.444,0.111,0.0,0.0
valhalla_monthly.csv, 0.167,0.167,0.167,0.25,0.333,0.25
vapor_monthly.csv, 0.5,1.5,0.5,0.0,0.0,0.0
varnish-cache_monthly.csv, 0.143,0.143,0.143,0.286,0.143,0.143
vault_monthly.csv, 0.121,0.0,0.152,0.152,0.03,0.0
vcpkg_monthly.csv, 0.181,0.448,0.162,0.01,0.029,0.01
vee-validate_monthly.csv, 0.125,0.0,0.125,0.0,0.125,0.0
verdaccio_monthly.csv, 0.0,0.2,0.2,0.2,0.0,0.0
vergecurrency-verge_monthly.csv, 0.0,2.0,0.0,0.0,0.0,0.0
vernemq_monthly.csv, 1.0,1.0,0.0,0.0,0.0,0.0
vespa_monthly.csv, 0.0,0.0,0.056,0.028,0.083,0.056
vetur_monthly.csv, 0.3,0.3,0.1,0.2,0.3,0.1
victory_monthly.csv, 0.5,0.5,0.5,0.0,0.5,0.0
video-transcoding-api_monthly.csv, 0.5,0.0,0.0,0.0,0.0,0.0
virtualagc_monthly.csv, 0.0,0.5,0.0,0.0,0.5,0.0
visidata_monthly.csv, 0.0,0.0,0.0,0.0,0.0,0.0
visualboyadvance-m_monthly.csv, 0.375,0.375,0.25,0.0,0.125,0.0
vmaf_monthly.csv, 0.286,0.143,0.143,0.143,0.0,0.0
vnote_monthly.csv, 0.5,0.5,0.0,0.0,0.0,0.0
vnpy_monthly.csv, 0.333,0.333,0.333,0.0,0.333,0.0
voxblox_monthly.csv, 0.5,0.5,0.5,0.0,0.5,0.0
voyager_monthly.csv, 0.0,1.75,0.25,0.0,0.5,0.0
vs-threading_monthly.csv, 0.0,0.0,0.0,0.0,0.0,0.0
vscode-cpptools_monthly.csv, 0.222,0.111,0.111,0.111,0.222,0.0
vscode-go_monthly.csv, 2.0,4.0,2.0,1.0,2.0,2.0
vscode-icons_monthly.csv, 0.0,1.5,1.0,0.5,1.0,0.0
vscode-mssql_monthly.csv, 0.0,1.0,0.0,1.0,0.0,0.0
vscode-react-native_monthly.csv, 1.0,2.0,1.0,1.0,1.0,0.0
vscode-sqltools_monthly.csv, 0.333,0.333,0.0,0.0,0.0,0.0
vue-material_monthly.csv, 0.625,0.75,0.0,0.125,0.25,0.375
vuefire_monthly.csv, 1.0,1.0,0.0,0.0,1.0,0.0
vyper_monthly.csv, 0.5,0.25,0.0,0.25,0.0,0.0
wabt_monthly.csv, 0.2,0.0,0.2,0.0,0.4,0.2
wallaroo_monthly.csv, 1.0,5.0,1.0,0.0,1.0,0.0
wazuh_monthly.csv, 18.0,17.0,6.0,7.0,4.0,3.0
wcf_monthly.csv, 0.4,0.0,0.2,0.2,0.0,0.0
web3j_monthly.csv, 0.0,0.333,0.0,0.0,0.0,0.0
web_monthly.csv, 0.167,0.333,0.167,0.0,0.0,0.167
webpack-cli_monthly.csv, 0.0,0.0,0.143,0.143,0.0,0.0
webrecorder_monthly.csv, 2.0,1.0,0.0,1.0,0.0,0.0
webrender_monthly.csv, 0.435,0.261,0.087,0.348,0.043,0.0
wechaty_monthly.csv, 0.5,0.5,0.0,0.0,0.5,0.0
werf_monthly.csv, 0.25,0.0,0.25,0.25,0.25,0.0
wiki_monthly.csv, 0.143,0.429,0.143,0.0,0.0,0.143
winetricks_monthly.csv, 0.143,0.143,0.143,0.143,0.143,0.0
wire-android_monthly.csv, 0.167,0.0,0.167,0.167,0.0,0.0
wire-desktop_monthly.csv, 0.375,0.375,0.125,0.0,0.375,0.375
wire-ios_monthly.csv, 0.0,0.286,0.143,0.143,0.286,0.143
wire-webapp_monthly.csv, 0.111,0.111,0.111,0.111,0.111,0.0
wix-style-react_monthly.csv, 0.074,0.111,0.148,0.074,0.185,0.037
wolfssl_monthly.csv, 0.0,0.0,0.0,0.077,0.154,0.0
workbox_monthly.csv, 0.0,0.0,0.333,0.0,0.333,0.0
wp-calypso_monthly.csv, 0.132,0.022,0.055,0.132,0.242,0.099
wp-desktop_monthly.csv, 0.5,0.5,0.0,0.0,0.0,0.0
wp-graphql_monthly.csv, 1.0,1.5,0.5,0.5,1.0,0.0
xamarin-android_monthly.csv, 0.125,0.25,0.0,0.125,0.0,0.0
xamarin-macios_monthly.csv, 0.857,1.0,0.286,0.0,0.0,0.0
xi-editor_monthly.csv, 0.25,0.5,0.5,0.0,0.25,0.25
xmake_monthly.csv, 0.0,0.0,0.0,0.0,0.5,0.0
xonsh_monthly.csv, 0.133,0.333,0.2,0.067,0.2,0.333
xstate_monthly.csv, 0.167,0.333,0.167,0.083,0.083,0.0
xtensor_monthly.csv, 0.667,0.667,0.333,0.333,0.0,0.0
xxl-job_monthly.csv, 0.0,0.0,0.0,0.0,0.0,0.0
yapi_monthly.csv, 0.0,2.0,0.0,0.0,1.0,0.0
yay_monthly.csv, 0.25,0.0,0.25,0.25,0.5,0.0
yeti-platform-yeti_monthly.csv, 0.0,0.5,0.5,0.5,0.0,0.0
yocto-gl_monthly.csv, 0.0,0.0,0.0,0.0,0.5,0.5
z3_monthly.csv, 0.182,0.182,0.091,0.091,0.273,0.0
zalenium_monthly.csv, 1.0,1.0,1.0,1.5,1.0,1.0
zaproxy_monthly.csv, 0.2,0.2,0.2,0.0,0.0,0.0
zarm_monthly.csv, 0.667,0.333,0.333,0.0,0.0,0.0
zarr-python_monthly.csv, 0.0,0.0,0.0,0.0,0.0,0.0
zcoin_monthly.csv, 0.6,1.0,0.4,0.2,0.2,0.2
zeebe_monthly.csv, 0.0,0.0,0.077,0.077,0.077,0.0
zenbot_monthly.csv, 0.0,0.25,0.25,0.25,0.5,0.0
zephyr_monthly.csv, 0.0,0.16,0.074,0.021,0.277,0.404
zeroc-ice-ice_monthly.csv, 0.5,1.0,0.5,0.5,0.5,0.5
zig_monthly.csv, 0.171,0.537,0.122,0.0,0.171,0.0
zinit_monthly.csv, 0.0,0.0,0.0,0.0,0.0,0.0
zmNinja_monthly.csv, 0.0,0.5,0.0,0.5,0.0,0.0
zola_monthly.csv, 0.75,0.75,0.25,0.25,1.25,0.5
zstack_monthly.csv, 0.143,0.286,0.048,0.048,0.333,0.095
zstd_monthly.csv, 0.125,0.125,0.125,0.125,0.25,0.0
zulip-mobile_monthly.csv, 0.5,1.0,0.5,0.5,1.0,1.0
zulip_monthly.csv, 0.062,0.062,0.156,0.219,0.031,0.0
zyedidia-micro_monthly.csv, 0.125,0.25,0.25,0.25,0.25,0.125
